"GameID","PostTitle","PostID"
1,"“Family Feud”- STEVE'S FIRST TWO AIRED EPS.",201
2,"“Family Feud”- STEVE'S FIRST TWO AIRED EPS.",201
3,"“Family Feud” 9/14/10",216
4,"“Family Feud” 9/14/10",216
5,"“Family Feud” 9/15/10",282
6,"“Family Feud” 9/15/10",282
7,"“Family Feud” 9/16/10",283
8,"“Family Feud” 9/16/10",283
9,"“Family Feud” 9/17/10",295
10,"“Family Feud” 9/17/10",295
11,"“Family Feud” 9/20/10",296
12,"“Family Feud” 9/20/10",296
13,"“Family Feud” 9/21/10",300
14,"“Family Feud” 9/21/10",300
15,"“Family Feud” 9/22/10",301
16,"“Family Feud” 9/22/10",301
17,"“Family Feud” 9/23/10",304
18,"“Family Feud” 9/23/10",304
19,"“Family Feud” 9/24/10",354
20,"“Family Feud” 9/24/10",354
21,"“Family Feud” 9/27/10",355
22,"“Family Feud” 9/27/10",355
23,"“Family Feud” 9/28/10",360
24,"“Family Feud” 9/28/10",360
25,"“Family Feud” 9/29/10",361
26,"“Family Feud” 9/29/10",361
27,"“Family Feud” 9/30/10",362
28,"“Family Feud” 9/30/10",362
29,"“Family Feud” 10/1/10",374
30,"“Family Feud” 10/1/10",374
31,"“Family Feud” 10/4/10",381
32,"“Family Feud” 10/4/10",381
33,"“Family Feud” 10/5/10",382
34,"“Family Feud” 10/5/10",382
35,"“Family Feud” 10/6/10",383
36,"“Family Feud” 10/6/10",383
37,"“Family Feud” 10/7/10",384
38,"“Family Feud” 10/7/10",384
39,"“Family Feud” 10/8/10",274
40,"“Family Feud” 10/8/10",274
41,"“Family Feud” 10/11/10",244
42,"“Family Feud” 10/11/10",244
43,"“Family Feud” 10/12/10",245
44,"“Family Feud” 10/12/10",245
45,"“Family Feud” 10/13/10",265
46,"“Family Feud” 10/13/10",265
47,"“Family Feud” 10/14/10",275
48,"“Family Feud” 10/14/10",275
49,"“Family Feud” 10/15/10",276
50,"“Family Feud” 10/15/10",276
51,"“Family Feud” 10/18/10",277
52,"“Family Feud” 10/19/10",278
53,"“Family Feud” 10/20/10",279
54,"“Family Feud” 10/21/10",280
55,"“Family Feud” 10/22/10",281
56,"“Family Feud” 10/25/10",284
57,"“Family Feud” 10/25/10",284
58,"“Family Feud” 10/26/10",297
59,"“Family Feud” 10/26/10",297
60,"“Family Feud” 10/27/10",298
61,"“Family Feud” 10/27/10",298
62,"“Family Feud” 10/28/10",299
63,"“Family Feud” 10/28/10",299
64,"“Family Feud” 10/29/10",302
65,"“Family Feud” 10/29/10",302
66,"“Family Feud” 11/1/10",329
67,"“Family Feud” 11/1/10",329
68,"“Family Feud” 11/2/10",568
69,"“Family Feud” 11/3/10",580
70,"“Family Feud” 11/4/10",581
71,"“Family Feud” 11/5/10",582
72,"“Family Feud” 11/8/10",308
73,"“Family Feud” 11/8/10",308
74,"“Family Feud” 11/9/10",309
75,"“Family Feud” 11/9/10",309
76,"“Family Feud” 11/10/10",310
77,"“Family Feud” 11/10/10",310
78,"“Family Feud” 11/11/10",323
79,"“Family Feud” 11/11/10",323
80,"“Family Feud” 11/12/10",324
81,"“Family Feud” 11/15/10",303
82,"“Family Feud” 11/15/10",303
83,"“Family Feud” 11/16/10",305
84,"“Family Feud” 11/16/10",305
85,"“Family Feud” 11/17/10",306
86,"“Family Feud” 11/17/10",306
87,"“Family Feud” 11/18/10",307
88,"“Family Feud” 11/18/10",307
89,"“Family Feud” 11/19/10",326
90,"“Family Feud” 11/19/10",326
91,"“Family Feud” 11/22/10",561
92,"“Family Feud” 11/22/10",561
93,"“Family Feud” 11/23/10",569
94,"“Family Feud” 11/23/10",569
95,"“Family Feud” 11/24/10",570
96,"“Family Feud” 11/24/10",570
97,"“Family Feud” 11/25/10",574
98,"“Family Feud” 11/25/10",574
99,"“Family Feud” 11/26/10",576
100,"“Family Feud” 11/26/10",576
101,"“Family Feud” 2/7/11",219
102,"“Family Feud” 2/7/11",219
103,"“Family Feud” 2/8/11",220
104,"“Family Feud” 2/8/11",220
105,"“Family Feud” 2/9/11",227
106,"“Family Feud” 2/9/11",227
107,"“Family Feud” 2/10/11",228
108,"“Family Feud” 2/10/11",228
109,"“Family Feud” 2/11/11",229
110,"“Family Feud” 2/11/11",229
111,"“Family Feud” 2/14/11",380
112,"“Family Feud” 2/14/11",380
113,"“Family Feud” 2/15/11",266
114,"“Family Feud” 2/15/11",266
115,"“Family Feud” 2/16/11",269
116,"“Family Feud” 2/16/11",269
117,"“Family Feud” 2/17/11",272
118,"“Family Feud” 2/17/11",272
119,"“Family Feud” 2/18/11",336
120,"“Family Feud” 2/18/11",336
121,"“Family Feud” 2/21/11",270
122,"“Family Feud” 2/21/11",270
123,"“Family Feud” 2/22/11",271
124,"“Family Feud” 2/22/11",271
125,"“Family Feud” 2/23/11",273
126,"“Family Feud” 2/23/11",273
127,"“Family Feud” 2/24/11",223
128,"“Family Feud” 2/24/11",223
129,"“Family Feud” 2/25/11",224
130,"“Family Feud” 2/25/11",224
131,"“Family Feud” 2/28/11",263
132,"“Family Feud” 2/28/11",263
133,"“Family Feud” 3/1/11",264
134,"“Family Feud” 3/1/11",264
135,"“Family Feud” 3/2/11",364
136,"“Family Feud” 3/2/11",364
137,"“Family Feud” 3/3/11",246
138,"“Family Feud” 3/3/11",246
139,"“Family Feud” 3/4/11",371
140,"“Family Feud” 3/4/11",371
141,"“Family Feud” 4/25/11",225
142,"“Family Feud” 4/26/11",553
143,"“Family Feud” 4/27/11",247
144,"“Family Feud” 4/28/11",232
145,"“Family Feud” 4/29/11",233
146,"“Family Feud” 5/2/11",337
147,"“Family Feud” 5/3/11",339
148,"“Family Feud” 5/4/11",340
149,"“Family Feud” 5/5/11",615
150,"“Family Feud” 5/6/11",552
151,"“Family Feud” 5/9/11",594
152,"“Family Feud” 5/10/11",595
153,"“Family Feud” 5/11/11",596
154,"“Family Feud” 5/12/11",597
155,"“Family Feud” 5/13/11",598
156,"“Family Feud” 5/16/11",230
157,"“Family Feud” 5/17/11",238
158,"“Family Feud” 5/18/11",239
159,"“Family Feud” 5/19/11",242
160,"“Family Feud” 5/20/11",243
161,"“Family Feud” 5/23/11",330
162,"“Family Feud” 5/24/11",331
163,"“Family Feud” 5/25/11",332
164,"“Family Feud” 5/26/11",334
165,"“Family Feud”- 12TH S.F.",335
166,"“Family Feud” 10/10/11",190
167,"“Family Feud” 10/11/11",191
168,"“Family Feud” 10/12/11",200
169,"“Family Feud” 10/13/11",202
170,"“Family Feud” 10/14/11",205
171,"“Family Feud” 10/26/11 Nightcap",1208
172,"“Family Feud” 11/18/11 Nightcap",168
173,"“Family Feud” 11/23/11",142
174,"“Family Feud” 11/25/11",143
175,"“Family Feud” 2/20/12 Nightcap",169
176,"“Family Feud” 2/22/12",164
177,"“Family Feud” 2/23/12",165
178,"“Family Feud” 2/23/12",165
179,"“Family Feud” 2/24/12",166
180,"“Family Feud” 2/24/12",166
181,"“Family Feud” 2/27/12 Nightcap",186
182,"“Family Feud” 2/27/12",167
183,"“Family Feud” 2/28/12 Nightcap",188
184,"“Family Feud” 2/28/12",185
185,"“Family Feud” 3/1/12",189
186,"“Family Feud” 3/2/12",196
187,"“Family Feud” 3/3/12",197
188,"“Family Feud” 5/1/12",267
189,"“Family Feud” 5/2/12",144
190,"“Family Feud” 5/3/12",145
191,"“Family Feud” 5/4/12",158
192,"“Family Feud” 5/7/12",159
193,"“Family Feud” 5/8/12",160
194,"“Family Feud” 5/9/12",161
195,"“Family Feud” 5/10/12",162
196,"“Family Feud” 5/11/12",163
197,"“Family Feud” 5/14/12",198
198,"“Family Feud” 5/15/12",199
199,"“Family Feud” 5/16/12",203
200,"“Family Feud” 5/17/12",204
201,"“Family Feud” 5/18/12",206
202,"“Family Feud”- 14TH S.P. DAY",252
203,"“Family Feud”- 14TH S.P. DAY",252
204,"“Family Feud” 9/11/12",153
205,"“Family Feud” 9/11/12",153
206,"“Family Feud” 9/12/12",253
207,"“Family Feud” 9/12/12",253
208,"“Family Feud” 9/13/12",254
209,"“Family Feud” 9/13/12",254
210,"“Family Feud” 9/14/12",285
211,"“Family Feud” 9/14/12",285
212,"“Family Feud” 9/17/12",286
213,"“Family Feud” 9/17/12",286
214,"“Family Feud” 9/18/12",287
215,"“Family Feud” 9/18/12",287
216,"“Family Feud” 9/19/12",178
217,"“Family Feud” 9/19/12",178
218,"“Family Feud” 9/20/12",179
219,"“Family Feud” 9/20/12",179
220,"“Family Feud” 9/21/12",180
221,"“Family Feud” 9/21/12",180
222,"“Family Feud” 9/24/12",181
223,"“Family Feud” 9/24/12",181
224,"“Family Feud” 9/25/12",288
225,"“Family Feud” 9/25/12",288
226,"“Family Feud” 9/26/12",289
227,"“Family Feud” 9/26/12",289
228,"“Family Feud” 9/27/12",290
229,"“Family Feud” 9/27/12",290
230,"“Family Feud” 9/28/12",234
231,"“Family Feud” 9/28/12",234
232,"“Family Feud” 10/1/12",235
233,"“Family Feud” 10/1/12",235
234,"“Family Feud” 10/2/12",236
235,"“Family Feud” 10/3/12",237
236,"“Family Feud” 10/3/12",237
237,"“Family Feud” 10/4/12",311
238,"“Family Feud” 10/4/12",311
239,"“Family Feud” 10/5/12",312
240,"“Family Feud” 10/5/12",312
241,"“Family Feud” 10/8/12",313
242,"“Family Feud” 10/8/12",313
243,"“Family Feud” 10/9/12",256
244,"“Family Feud” 10/9/12",256
245,"“Family Feud” 10/10/12",257
246,"“Family Feud” 10/10/12",257
247,"“Family Feud” 10/11/12",258
248,"“Family Feud” 10/11/12",258
249,"“Family Feud” 10/12/12",259
250,"“Family Feud” 10/12/12",259
251,"“Family Feud” 10/15/12",260
252,"“Family Feud” 10/16/12",261
253,"“Family Feud” 10/17/12",262
254,"“Family Feud” 10/18/12",268
255,"“Family Feud” 10/19/12",255
256,"“Family Feud” 10/22/12",338
257,"“Family Feud” 10/22/12",338
258,"“Family Feud” 10/23/12",357
259,"“Family Feud” 10/23/12",357
260,"“Family Feud” 10/24/12",358
261,"“Family Feud” 10/24/12",358
262,"“Family Feud” 10/25/12",341
263,"“Family Feud” 10/25/12",341
264,"“Family Feud” 10/26/12",342
265,"“Family Feud” 10/26/12",342
266,"“Family Feud” 10/29/12",343
267,"“Family Feud” 10/29/12",343
268,"“Family Feud” 10/30/12",291
269,"“Family Feud” 10/30/12",291
270,"“Family Feud” 10/31/12",292
271,"“Family Feud” 10/31/12",292
272,"“Family Feud” 11/1/12",293
273,"“Family Feud” 11/1/12",293
274,"“Family Feud” 11/2/12",294
275,"“Family Feud” 11/2/12",294
276,"“Family Feud” 11/5/12",344
277,"“Family Feud” 11/6/12",345
278,"“Family Feud” 11/6/12",345
279,"“Family Feud” 11/7/12",366
280,"“Family Feud” 11/7/12",366
281,"“Family Feud” 11/8/12",367
282,"“Family Feud” 11/8/12",367
283,"“Family Feud” 11/9/12",368
284,"“Family Feud” 11/9/12",368
285,"“Family Feud” 11/12/12",187
286,"“Family Feud” 11/12/12",187
287,"“Family Feud” 11/13/12",192
288,"“Family Feud” 11/13/12",192
289,"“Family Feud” 11/14/12",193
290,"“Family Feud” 11/14/12",193
291,"“Family Feud” 11/15/12",194
292,"“Family Feud” 11/15/12",194
293,"“Family Feud” 11/16/12",195
294,"“Family Feud” 11/16/12",195
295,"“Family Feud” 11/19/12",369
296,"“Family Feud” 11/20/12",370
297,"“Family Feud” 11/21/12",457
298,"“Family Feud”- AIRED ON THANKSGIVING DAY '12",146
299,"“Family Feud”- LAST AIRED EP. OF '12",147
300,"“Family Feud” 12/31/12",606
301,"“Family Feud” 1/1/13",607
302,"“Family Feud” 1/2/13",608
303,"“Family Feud” 1/3/13",609
304,"“Family Feud” 1/4/13",610
305,"“Family Feud” 1/7/13",611
306,"“Family Feud” 1/8/13",612
307,"“Family Feud” 1/9/13",327
308,"“Family Feud” 1/10/13",578
309,"“Family Feud” 1/11/13",579
310,"“Family Feud” 1/28/13",155
311,"“Family Feud” 1/28/13",155
312,"“Family Feud” 1/29/13",156
313,"“Family Feud” 1/29/13",156
314,"“Family Feud” 1/30/13",157
315,"“Family Feud” 1/30/13",157
316,"“Family Feud” 1/31/13",390
317,"“Family Feud” 1/31/13",390
318,"“Family Feud” 2/1/13",385
319,"“Family Feud” 2/1/13",385
320,"“Family Feud” 2/4/13",221
321,"“Family Feud” 2/4/13",221
322,"“Family Feud” 2/5/13",222
323,"“Family Feud” 2/5/13",222
324,"“Family Feud” 2/6/13",226
325,"“Family Feud” 2/6/13",226
326,"“Family Feud” 2/7/13",231
327,"“Family Feud” 2/7/13",231
328,"“Family Feud” 2/8/13",314
329,"“Family Feud” 2/8/13 Nightcap",152
330,"“Family Feud” 2/11/13- FIRST-RUN REMATCH",315
331,"“Family Feud” 2/11/13 Nightcap",154
332,"“Family Feud” 2/12/13",316
333,"“Family Feud” 2/12/13",316
334,"“Family Feud” 2/13/13",317
335,"“Family Feud” 2/13/13",317
336,"“Family Feud” 2/14/13",318
337,"“Family Feud” 2/14/13",318
338,"“Family Feud” 2/15/13",248
339,"“Family Feud” 2/15/13",248
340,"“Family Feud” 2/18/13",249
341,"“Family Feud” 2/18/13",249
342,"“Family Feud” 2/19/13",250
343,"“Family Feud” 2/19/13",250
344,"“Family Feud” 2/20/13",251
345,"“Family Feud” 2/20/13",251
346,"“Family Feud” 2/21/13",404
347,"“Family Feud” 2/21/13 Nightcap",148
348,"“Family Feud” 2/22/13",406
349,"“Family Feud” 2/22/13 Nightcap",149
350,"“Family Feud” 2/25/13",150
351,"“Family Feud” 2/26/13",151
352,"“Family Feud” 2/27/13",396
353,"“Family Feud” 2/28/13",397
354,"“Family Feud” 3/1/13",398
355,"“Family Feud” 4/22/13",403
356,"“Family Feud” 4/23/13",170
357,"“Family Feud” 4/24/13",171
358,"“Family Feud” 4/25/13",172
359,"“Family Feud” 4/26/13",173
360,"“Family Feud” 4/29/13",174
361,"“Family Feud” 4/30/13",175
362,"“Family Feud” 5/1/13",176
363,"“Family Feud” 5/2/13",177
364,"“Family Feud” 5/3/13",182
365,"“Family Feud” 5/6/13",183
366,"“Family Feud” 5/7/13",184
367,"“Family Feud” 5/8/13",209
368,"“Family Feud” 5/9/13",210
369,"“Family Feud” 5/10/13",211
370,"“Family Feud” 5/13/13",407
371,"“Family Feud” 5/14/13",413
372,"“Family Feud” 5/15/13",212
373,"“Family Feud” 5/16/13",213
374,"“Family Feud” 5/17/13",214
375,"“Family Feud” 5/20/13",215
376,"“Family Feud” 5/21/13",217
377,"“Family Feud” 5/22/13",218
378,"“Family Feud” 5/23/13",240
379,"“Family Feud”- 14TH S.F.",241
380,"“Family Feud”- 15TH S.P. DAY",319
381,"“Family Feud”- 15TH S.P. DAY",319
382,"“Family Feud” 9/17/13",320
383,"“Family Feud” 9/17/13",320
384,"“Family Feud” 9/18/13",321
385,"“Family Feud” 9/18/13",321
386,"“Family Feud” 9/19/13",346
387,"“Family Feud” 9/19/13",346
388,"“Family Feud” 9/20/13",372
389,"“Family Feud” 9/20/13",372
390,"“Family Feud” 9/23/13",375
391,"“Family Feud” 9/23/13",375
392,"“Family Feud” 9/24/13",389
393,"“Family Feud” 9/24/13",389
394,"“Family Feud” 9/25/13",347
395,"“Family Feud” 9/25/13",347
396,"“Family Feud” 9/26/13",348
397,"“Family Feud” 9/26/13",348
398,"“Family Feud” 9/30/13",349
399,"“Family Feud” 10/1/13",351
400,"“Family Feud” 10/2/13",352
401,"“Family Feud” 10/3/13",376
402,"“Family Feud” 10/7/13",377
403,"“Family Feud” 10/8/13",378
404,"“Family Feud” 10/9/13",392
405,"“Family Feud” 10/10/13",393
406,"“Family Feud” 10/14/13",391
407,"“Family Feud” 10/14/13",391
408,"“Family Feud” 10/15/13",394
409,"“Family Feud” 10/15/13",394
410,"“Family Feud” 10/16/13",395
411,"“Family Feud” 10/16/13",395
412,"“Family Feud” 10/17/13",400
413,"“Family Feud” 10/17/13",400
414,"“Family Feud” 10/21/13",401
415,"“Family Feud” 10/21/13",401
416,"“Family Feud” 10/22/13",411
417,"“Family Feud” 10/22/13",411
418,"“Family Feud” 10/23/13",412
419,"“Family Feud” 10/23/13",412
420,"“Family Feud” 10/24/13",414
421,"“Family Feud” 10/24/13",414
422,"“Family Feud” 10/28/13",415
423,"“Family Feud” 10/28/13",415
424,"“Family Feud” 10/29/13",423
425,"“Family Feud” 10/29/13",423
426,"“Family Feud” 10/30/13",424
427,"“Family Feud” 10/30/13",424
428,"“Family Feud” 10/31/13",430
429,"“Family Feud” 10/31/13",430
430,"“Family Feud” 11/1/13",431
431,"“Family Feud” 11/1/13",431
432,"“Family Feud” 11/4/13",476
433,"“Family Feud” 11/4/13",476
434,"“Family Feud” 11/5/13",477
435,"“Family Feud” 11/5/13",477
436,"“Family Feud” 11/6/13",478
437,"“Family Feud” 11/6/13",478
438,"“Family Feud” 11/7/13",467
439,"“Family Feud” 11/7/13",467
440,"“Family Feud” 11/8/13",497
441,"“Family Feud” 11/8/13",497
442,"“Family Feud” 11/11/13",498
443,"“Family Feud” 11/11/13",498
444,"“Family Feud” 11/12/13",499
445,"“Family Feud” 11/12/13",499
446,"“Family Feud” 11/13/13",523
447,"“Family Feud” 11/13/13",523
448,"“Family Feud” 11/14/13",524
449,"“Family Feud” 11/14/13",524
450,"“Family Feud” 11/15/13",554
451,"“Family Feud” 11/15/13",554
452,"“Family Feud” 11/18/13",555
453,"“Family Feud” 11/18/13",555
454,"“Family Feud” 11/19/13",556
455,"“Family Feud” 11/19/13",556
456,"“Family Feud” 11/20/13",558
457,"“Family Feud” 11/20/13",558
458,"“Family Feud” 11/21/13",559
459,"“Family Feud” 11/21/13",559
460,"“Family Feud” 11/22/13",560
461,"“Family Feud” 11/22/13",560
462,"“Family Feud” 11/25/13",353
463,"“Family Feud” 11/25/13",353
464,"“Family Feud” 11/26/13",543
465,"“Family Feud” 11/26/13",543
466,"“Family Feud” 11/27/13",544
467,"“Family Feud” 11/27/13",544
468,"“Family Feud” 1/27/14",586
469,"“Family Feud” 1/27/14",586
470,"“Family Feud” 1/28/14",614
471,"“Family Feud” 1/28/14",614
472,"“Family Feud” 1/29/14",472
473,"“Family Feud” 1/29/14",472
474,"“Family Feud” 1/30/14",473
475,"“Family Feud” 1/30/14",473
476,"“Family Feud” 1/31/14",535
477,"“Family Feud” 1/31/14",535
478,"“Family Feud” 2/3/14",474
479,"“Family Feud” 2/3/14",474
480,"“Family Feud” 2/4/14",475
481,"“Family Feud” 2/4/14",475
482,"“Family Feud” 2/5/14",479
483,"“Family Feud” 2/5/14",479
484,"“Family Feud” 2/6/14",480
485,"“Family Feud” 2/6/14",480
486,"“Family Feud” 2/7/14",564
487,"“Family Feud” 2/7/14",564
488,"“Family Feud” 2/10/14",482
489,"“Family Feud” 2/10/14",482
490,"“Family Feud” 2/11/14",483
491,"“Family Feud” 2/11/14",483
492,"“Family Feud” 2/12/14",485
493,"“Family Feud” 2/12/14",485
494,"“Family Feud” 2/13/14",468
495,"“Family Feud” 2/13/14",468
496,"“Family Feud” 2/14/14",469
497,"“Family Feud” 2/14/14",469
498,"“Family Feud” 2/17/14",470
499,"“Family Feud” 2/17/14",470
500,"“Family Feud” 2/18/14",471
501,"“Family Feud” 2/18/14",471
502,"“Family Feud” 2/19/14",487
503,"“Family Feud” 2/19/14",487
504,"“Family Feud” 2/20/14",517
505,"“Family Feud” 2/20/14",517
506,"“Family Feud” 2/21/14",518
507,"“Family Feud” 2/21/14",518
508,"“Family Feud” 2/24/14",416
509,"“Family Feud” 2/24/14",416
510,"“Family Feud” 2/25/14",422
511,"“Family Feud” 2/25/14",422
512,"“Family Feud” 2/26/14",525
513,"“Family Feud” 2/26/14",525
514,"“Family Feud” 4/21/14",519
515,"“Family Feud” 4/21/14",519
516,"“Family Feud” 4/22/14",520
517,"“Family Feud” 4/22/14",520
518,"“Family Feud” 4/23/14",521
519,"“Family Feud” 4/23/14",521
520,"“Family Feud” 4/24/14",522
521,"“Family Feud” 4/24/14",522
522,"“Family Feud” 4/25/14",528
523,"“Family Feud” 4/25/14",528
524,"“Family Feud” 4/28/14",496
525,"“Family Feud” 4/28/14",496
526,"“Family Feud” 4/29/14",500
527,"“Family Feud” 4/29/14",500
528,"“Family Feud” 4/30/14",501
529,"“Family Feud” 4/30/14",501
530,"“Family Feud” 5/1/14",502
531,"“Family Feud” 5/1/14",502
532,"“Family Feud” 5/2/14",507
533,"“Family Feud” 5/2/14",507
534,"“Family Feud” 5/5/14",508
535,"“Family Feud” 5/5/14",508
536,"“Family Feud” 5/6/14",600
537,"“Family Feud” 5/6/14",600
538,"“Family Feud” 5/7/14",601
539,"“Family Feud” 5/7/14",601
540,"“Family Feud” 5/8/14",432
541,"“Family Feud” 5/8/14",432
542,"“Family Feud” 5/9/14",433
543,"“Family Feud” 5/9/14",433
544,"“Family Feud” 5/12/14",438
545,"“Family Feud” 5/12/14",438
546,"“Family Feud” 5/13/14",439
547,"“Family Feud” 5/13/14",439
548,"“Family Feud” 5/14/14",444
549,"“Family Feud” 5/14/14",444
550,"“Family Feud” 5/15/14",445
551,"“Family Feud” 5/15/14",445
552,"“Family Feud” 5/16/14",408
553,"“Family Feud” 5/16/14",408
554,"“Family Feud” 5/19/14",409
555,"“Family Feud” 5/19/14",409
556,"“Family Feud” 5/20/14",604
557,"“Family Feud” 5/20/14",604
558,"“Family Feud”- 15TH S.F. DAY",557
559,"“Family Feud”- 15TH S.F. DAY",557
560,"“Family Feud”- 16TH S.P. DAY",207
561,"“Family Feud”- 16TH S.P. DAY",207
562,"“Family Feud” 9/16/14",208
563,"“Family Feud” 9/16/14",208
564,"“Family Feud” 9/17/14",458
565,"“Family Feud” 9/17/14",458
566,"“Family Feud” 9/18/14",503
567,"“Family Feud” 9/18/14",503
568,"“Family Feud” 9/19/14",592
569,"“Family Feud” 9/19/14",592
570,"“Family Feud” 9/22/14",571
571,"“Family Feud” 9/22/14",571
572,"“Family Feud” 9/23/14",593
573,"“Family Feud” 9/23/14",593
574,"“Family Feud” 9/24/14",486
575,"“Family Feud” 9/24/14",486
576,"“Family Feud” 9/25/14",565
577,"“Family Feud” 9/25/14",565
578,"“Family Feud” 9/29/14",489
579,"“Family Feud” 9/30/14",493
580,"“Family Feud” 10/1/14",494
581,"“Family Feud” 10/2/14",566
582,"“Family Feud” 10/6/14",510
583,"“Family Feud” 10/7/14",512
584,"“Family Feud” 10/8/14",513
585,"“Family Feud” 10/9/14",514
586,"“Family Feud” 10/13/14",533
587,"“Family Feud” 10/13/14",533
588,"“Family Feud” 10/14/14",534
589,"“Family Feud” 10/14/14",534
590,"“Family Feud” 10/15/14",536
591,"“Family Feud” 10/15/14",536
592,"“Family Feud” 10/16/14",537
593,"“Family Feud” 10/16/14",537
594,"“Family Feud” 10/20/14",548
595,"“Family Feud” 10/20/14",548
596,"“Family Feud” 10/21/14",549
597,"“Family Feud” 10/21/14",549
598,"“Family Feud” 10/22/14",550
599,"“Family Feud” 10/22/14",550
600,"“Family Feud” 10/23/14",551
601,"“Family Feud” 10/23/14",551
602,"“Family Feud” 10/27/14",602
603,"“Family Feud” 10/27/14",602
604,"“Family Feud” 10/28/14",603
605,"“Family Feud” 10/28/14",603
606,"“Family Feud” 10/29/14",563
607,"“Family Feud” 10/29/14",563
608,"“Family Feud” 10/30/14",418
609,"“Family Feud” 10/30/14",418
610,"“Family Feud” 10/31/14",419
611,"“Family Feud” 10/31/14",419
612,"“Family Feud” 11/3/14",435
613,"“Family Feud” 11/3/14",435
614,"“Family Feud” 11/4/14",436
615,"“Family Feud” 11/4/14",436
616,"“Family Feud” 11/5/14",437
617,"“Family Feud” 11/5/14",437
618,"“Family Feud” 11/6/14",446
619,"“Family Feud” 11/6/14",446
620,"“Family Feud” 11/7/14",447
621,"“Family Feud” 11/7/14",447
622,"“Family Feud” 11/10/14",452
623,"“Family Feud” 11/10/14",452
624,"“Family Feud” 11/11/14",459
625,"“Family Feud” 11/11/14",459
626,"“Family Feud” 11/12/14",460
627,"“Family Feud” 11/12/14",460
628,"“Family Feud” 11/13/14",461
629,"“Family Feud” 11/13/14",461
630,"“Family Feud” 11/14/14",462
631,"“Family Feud” 11/14/14",462
632,"“Family Feud” 11/17/14",484
633,"“Family Feud” 11/17/14",484
634,"“Family Feud” 11/18/14",490
635,"“Family Feud” 11/18/14",490
636,"“Family Feud” 11/19/14",495
637,"“Family Feud” 11/19/14",495
638,"“Family Feud” 11/20/14",504
639,"“Family Feud” 11/20/14",504
640,"“Family Feud” 11/21/14",505
641,"“Family Feud” 11/21/14",505
642,"“Family Feud” 11/24/14",506
643,"“Family Feud” 11/24/14",506
644,"“Family Feud” 11/25/14",509
645,"“Family Feud” 11/25/14",509
646,"“Family Feud” 11/26/14",531
647,"“Family Feud” 11/26/14",531
648,"“Family Feud” 1/26/15",532
649,"“Family Feud” 1/26/15",532
650,"“Family Feud” 1/27/15",540
651,"“Family Feud” 1/27/15",540
652,"“Family Feud” 1/28/15",515
653,"“Family Feud” 1/28/15",515
654,"“Family Feud” 1/29/15",516
655,"“Family Feud” 1/29/15",516
656,"“Family Feud” 1/30/15",526
657,"“Family Feud” 1/30/15",526
658,"“Family Feud” 2/2/15",527
659,"“Family Feud” 2/2/15",527
660,"“Family Feud” 2/3/15",529
661,"“Family Feud” 2/3/15",529
662,"“Family Feud” 2/4/15",530
663,"“Family Feud” 2/4/15",530
664,"“Family Feud” 2/5/15",538
665,"“Family Feud” 2/5/15",538
666,"“Family Feud” 2/6/15",539
667,"“Family Feud” 2/6/15",539
668,"“Family Feud” 2/9/15",541
669,"“Family Feud” 2/9/15",541
670,"“Family Feud” 2/10/15",542
671,"“Family Feud” 2/10/15",542
672,"“Family Feud” 2/11/15",545
673,"“Family Feud” 2/11/15",545
674,"“Family Feud” 2/12/15",546
675,"“Family Feud” 2/12/15",546
676,"“Family Feud” 2/13/15",547
677,"“Family Feud” 2/13/15",547
678,"“Family Feud” 2/16/15",572
679,"“Family Feud” 2/16/15",572
680,"“Family Feud” 2/17/15",573
681,"“Family Feud” 2/17/15",573
682,"“Family Feud” 2/18/15",562
683,"“Family Feud” 2/18/15",562
684,"“Family Feud” 2/19/15",605
685,"“Family Feud” 2/19/15",605
686,"“Family Feud” 2/20/15",590
687,"“Family Feud” 2/20/15",590
688,"“Family Feud” 2/23/15",577
689,"“Family Feud” 2/23/15",577
690,"“Family Feud” 2/24/15",567
691,"“Family Feud” 2/24/15",567
692,"“Family Feud” 2/25/15",584
693,"“Family Feud” 2/25/15",584
694,"“Family Feud” 4/20/15",440
695,"“Family Feud” 4/20/15",440
696,"“Family Feud” 4/21/15",441
697,"“Family Feud” 4/21/15",441
698,"“Family Feud” 4/22/15",448
699,"“Family Feud” 4/22/15",448
700,"“Family Feud” 4/23/15",449
701,"“Family Feud” 4/23/15",449
702,"“Family Feud” 4/24/15",451
703,"“Family Feud” 4/24/15",451
704,"“Family Feud” 4/27/15",464
705,"“Family Feud” 4/27/15",464
706,"“Family Feud” 4/28/15",465
707,"“Family Feud” 4/28/15",465
708,"“Family Feud” 4/29/15",466
709,"“Family Feud” 4/29/15",466
710,"“Family Feud” 4/30/15",583
711,"“Family Feud” 4/30/15",583
712,"“Family Feud” 5/1/15",420
713,"“Family Feud” 5/1/15",420
714,"“Family Feud” 5/4/15",421
715,"“Family Feud” 5/4/15",421
716,"“Family Feud” 5/5/15",585
717,"“Family Feud” 5/5/15",585
718,"“Family Feud” 5/6/15",426
719,"“Family Feud” 5/6/15",426
720,"“Family Feud” 5/7/15",427
721,"“Family Feud” 5/7/15",427
722,"“Family Feud” 5/8/15",428
723,"“Family Feud” 5/8/15",428
724,"“Family Feud” 5/11/15",429
725,"“Family Feud” 5/11/15",429
726,"“Family Feud” 5/12/15",511
727,"“Family Feud” 5/12/15",511
728,"“Family Feud” 5/13/15",454
729,"“Family Feud” 5/13/15",454
730,"“Family Feud” 5/14/15",456
731,"“Family Feud” 5/14/15",456
732,"“Family Feud” 5/15/15",591
733,"“Family Feud” 5/15/15",591
734,"“Family Feud” 5/18/15",443
735,"“Family Feud” 5/18/15",443
736,"“Family Feud” 5/19/15",453
737,"“Family Feud” 5/19/15",453
738,"“Family Feud”- 16TH S.F. DAY",463
739,"“Family Feud”- 16TH S.F. DAY",463
740,"“Family Feud”- 17TH S.P. DAY",654
741,"“Family Feud”- 17TH S.P. DAY",654
742,"“Family Feud” 9/15/15",655
743,"“Family Feud” 9/15/15",655
744,"“Family Feud” 9/16/15",658
745,"“Family Feud” 9/16/15",658
746,"“Family Feud” 9/17/15",659
747,"“Family Feud” 9/17/15",659
748,"“Family Feud” 9/18/15",662
749,"“Family Feud” 9/18/15",662
750,"“Family Feud” 9/21/15",621
751,"“Family Feud” 9/21/15",621
752,"“Family Feud” 9/22/15",623
753,"“Family Feud” 9/22/15",623
754,"“Family Feud” 9/23/15",625
755,"“Family Feud” 9/23/15",625
756,"“Family Feud” 9/24/15",627
757,"“Family Feud” 9/24/15",627
758,"“Family Feud” 9/25/15",629
759,"“Family Feud” 9/25/15",629
760,"“Family Feud” 9/28/15",631
761,"“Family Feud” 9/28/15",631
762,"“Family Feud” 9/29/15",633
763,"“Family Feud” 9/29/15",633
764,"“Family Feud” 9/30/15",635
765,"“Family Feud” 9/30/15",635
766,"“Family Feud” 10/1/15",637
767,"“Family Feud” 10/1/15",637
768,"“Family Feud” 10/5/15",639
769,"“Family Feud” 10/6/15",642
770,"“Family Feud” 10/7/15",644
771,"“Family Feud” 10/8/15",647
772,"“Family Feud” 10/12/15",649
773,"“Family Feud” 10/12/15",649
774,"“Family Feud” 10/13/15",651
775,"“Family Feud” 10/13/15",651
776,"“Family Feud” 10/14/15",652
777,"“Family Feud” 10/14/15",652
778,"“Family Feud” 10/15/15",656
779,"“Family Feud” 10/15/15",656
780,"“Family Feud” 10/19/15",660
781,"“Family Feud” 10/19/15",660
782,"“Family Feud” 10/20/15",663
783,"“Family Feud” 10/20/15",663
784,"“Family Feud” 10/21/15",665
785,"“Family Feud” 10/21/15",665
786,"“Family Feud” 10/22/15",666
787,"“Family Feud” 10/22/15",666
788,"“Family Feud” 10/26/15",668
789,"“Family Feud” 10/26/15",668
790,"“Family Feud” 10/27/15",670
791,"“Family Feud” 10/27/15",670
792,"“Family Feud” 10/28/15",672
793,"“Family Feud” 10/28/15",672
794,"“Family Feud” 10/29/15",674
795,"“Family Feud” 10/29/15",674
796,"“Family Feud” 10/30/15",675
797,"“Family Feud” 10/30/15",675
798,"“Family Feud” 11/2/15",677
799,"“Family Feud” 11/2/15",677
800,"“Family Feud” 11/3/15",679
801,"“Family Feud” 11/3/15",679
802,"“Family Feud” 11/4/15",681
803,"“Family Feud” 11/4/15",681
804,"“Family Feud” 11/5/15",683
805,"“Family Feud” 11/5/15",683
806,"“Family Feud” 11/6/15",684
807,"“Family Feud” 11/6/15",684
808,"“Family Feud” 11/9/15",689
809,"“Family Feud” 11/9/15",689
810,"“Family Feud” 11/10/15",690
811,"“Family Feud” 11/10/15",690
812,"“Family Feud” 11/11/15",692
813,"“Family Feud” 11/11/15",692
814,"“Family Feud” 11/12/15",693
815,"“Family Feud” 11/12/15",693
816,"“Family Feud” 11/13/15",695
817,"“Family Feud” 11/13/15",695
818,"“Family Feud” 11/16/15",696
819,"“Family Feud” 11/16/15",696
820,"“Family Feud” 11/17/15",698
821,"“Family Feud” 11/17/15",698
822,"“Family Feud” 11/18/15",699
823,"“Family Feud” 11/18/15",699
824,"“Family Feud” 11/19/15",701
825,"“Family Feud” 11/19/15",701
826,"“Family Feud” 11/20/15",702
827,"“Family Feud” 11/20/15",702
828,"“Family Feud” 11/23/15",704
829,"“Family Feud” 11/23/15",704
830,"“Family Feud” 11/24/15",588
831,"“Family Feud” 11/24/15",588
832,"“Family Feud” 11/25/15",589
833,"“Family Feud” 11/25/15",589
834,"“Family Feud” 1/18",1
835,"“Family Feud” 1/18",1
836,"“Family Feud” 1/19",2
837,"“Family Feud” 1/19",2
838,"“Family Feud” 1/20/16",3
839,"“Family Feud” 1/20/16",3
840,"“Family Feud” 1/21",4
841,"“Family Feud” 1/25/16",5
842,"“Family Feud” 1/25/16",5
843,"“Family Feud” 1/26/16",6
844,"“Family Feud” 1/26/16",6
845,"“Family Feud” 1/27/16",7
846,"“Family Feud” 1/27/16",7
847,"“Family Feud” 1/28/16",8
848,"“Family Feud” 1/28/16",8
849,"“Family Feud” 1/29/16",9
850,"“Family Feud” 1/29/16",9
851,"“Family Feud” 2/1/16",10
852,"“Family Feud” 2/1/16",10
853,"“Family Feud” 2/2/16",11
854,"“Family Feud” 2/2/16",11
855,"“Family Feud” 2/3/16",12
856,"“Family Feud” 2/3/16",12
857,"“Family Feud” 2/4/16",13
858,"“Family Feud” 2/4/16",13
859,"“Family Feud” 2/5/16",14
860,"“Family Feud” 2/5/16",14
861,"“Family Feud” 2/8/16",15
862,"“Family Feud” 2/8/16",15
863,"“Family Feud” 2/9/16",16
864,"“Family Feud” 2/9/16",16
865,"“Family Feud” 2/10/16",17
866,"“Family Feud” 2/10/16",17
867,"“Family Feud” 2/11/16",18
868,"“Family Feud” 2/11/16",18
869,"“Family Feud” 2/12/16",19
870,"“Family Feud” 2/12/16",19
871,"“Family Feud” 2/15/16",20
872,"“Family Feud” 2/15/16",20
873,"“Family Feud” 2/16/16",21
874,"“Family Feud” 2/16/16",21
875,"“Family Feud” 2/17/16",22
876,"“Family Feud” 2/17/16",22
877,"“Family Feud” 2/18/16",23
878,"“Family Feud” 2/18/16",23
879,"“Family Feud” 2/19/16",24
880,"“Family Feud” 2/19/16",24
881,"“Family Feud” 2/22/16",25
882,"“Family Feud” 2/22/16",25
883,"“Family Feud” 2/23/16",26
884,"“Family Feud” 2/23/16",26
885,"“Family Feud” 2/24/16",27
886,"“Family Feud” 2/24/16",27
887,"“Family Feud”- SPRING '16 PREMIERE",28
888,"“Family Feud”- SPRING '16 PREMIERE",28
889,"“Family Feud” 4/19/16",29
890,"“Family Feud” 4/19/16",29
891,"“Family Feud” 4/20/16",30
892,"“Family Feud” 4/20/16",30
893,"“Family Feud” 4/21/16",31
894,"“Family Feud” 4/25/16",32
895,"“Family Feud” 4/25/16",32
896,"“Family Feud” 4/26/16",33
897,"“Family Feud” 4/26/16",33
898,"“Family Feud” 4/27/16",34
899,"“Family Feud” 4/27/16",34
900,"“Family Feud” 4/28/16",35
901,"“Family Feud” 4/28/16",35
902,"“Family Feud” 4/29/16",36
903,"“Family Feud” 4/29/16",36
904,"“Family Feud” 5/2/16",37
905,"“Family Feud” 5/2/16",37
906,"“Family Feud” 5/3/16",38
907,"“Family Feud” 5/3/16",38
908,"“Family Feud” 5/4/16",39
909,"“Family Feud” 5/4/16",39
910,"“Family Feud” 5/5/16",40
911,"“Family Feud” 5/5/16",40
912,"“Family Feud” 5/6/16",41
913,"“Family Feud” 5/6/16",41
914,"“Family Feud” 5/9/16",42
915,"“Family Feud” 5/9/16",42
916,"“Family Feud” 5/10/16",43
917,"“Family Feud” 5/10/16",43
918,"“Family Feud” 5/11/16",44
919,"“Family Feud” 5/11/16",44
920,"“Family Feud” 5/12/16",45
921,"“Family Feud” 5/12/16",45
922,"“Family Feud” 5/13/16",46
923,"“Family Feud” 5/13/16",46
924,"“Family Feud” 5/16/16",47
925,"“Family Feud” 5/16/16",47
926,"“Family Feud” 5/17/16",48
927,"“Family Feud” 5/17/16",48
928,"“Family Feud” 5/18/16",49
929,"“Family Feud” 5/18/16",49
930,"“Family Feud” 5/19/16",50
931,"“Family Feud” 5/19/16",50
932,"“Family Feud” 5/20/16",51
933,"“Family Feud” 5/20/16",51
934,"“Family Feud” 5/23/16",52
935,"“Family Feud” 5/23/16",52
936,"“Family Feud” 5/24/16",53
937,"“Family Feud” 5/24/16",53
938,"“Family Feud” 5/25/16",54
939,"“Family Feud”- S.F.",55
940,"“Family Feud”- S.P.",66
941,"“Family Feud”- S.P.",66
942,"“Family Feud” 9/13/16",67
943,"“Family Feud” 9/13/16",67
944,"“Family Feud” 9/14/16",68
945,"“Family Feud” 9/14/16",68
946,"“Family Feud” 9/15/16",69
947,"“Family Feud” 9/15/16",69
948,"“Family Feud” 9/16/16",70
949,"“Family Feud” 9/16/16",70
950,"“Family Feud” 9/19/16",71
951,"“Family Feud” 9/19/16",71
952,"“Family Feud” 9/20/16",72
953,"“Family Feud” 9/20/16",72
954,"“Family Feud” 9/21/16",73
955,"“Family Feud” 9/21/16",73
956,"“Family Feud” 9/22/16",74
957,"“Family Feud” 9/22/16",74
958,"“Family Feud” 9/23/16",75
959,"“Family Feud” 9/23/16",75
960,"“Family Feud” 9/26/16",76
961,"“Family Feud” 9/26/16",76
962,"“Family Feud” 9/27/16",77
963,"“Family Feud” 9/27/16",77
964,"“Family Feud” 9/28/16",78
965,"“Family Feud” 9/28/16",78
966,"“Family Feud” 9/29/16",79
967,"“Family Feud” 9/29/16",79
968,"“Family Feud” 10/3/16",80
969,"“Family Feud” 10/4/16",81
970,"“Family Feud” 10/5/16",82
971,"“Family Feud” 10/6/16",83
972,"“Family Feud” 10/10/16",84
973,"“Family Feud” 10/10/16",84
974,"“Family Feud” 10/11/16",85
975,"“Family Feud” 10/11/16",85
976,"“Family Feud” 10/12/16",86
977,"“Family Feud” 10/12/16",86
978,"“Family Feud” 10/13/16",87
979,"“Family Feud” 10/13/16",87
980,"“Family Feud” 10/17/16",88
981,"“Family Feud” 10/17/16",88
982,"“Family Feud” 10/18/16",89
983,"“Family Feud” 10/18/16",89
984,"“Family Feud” 10/19/16",90
985,"“Family Feud” 10/19/16",90
986,"“Family Feud” 10/20/16",91
987,"“Family Feud” 10/20/16",91
988,"“Family Feud” 10/24/16",92
989,"“Family Feud” 10/24/16",92
990,"“Family Feud” 10/25/16",93
991,"“Family Feud” 10/25/16",93
992,"“Family Feud” 10/26/16",94
993,"“Family Feud” 10/26/16",94
994,"“Family Feud” 10/27/16",95
995,"“Family Feud” 10/27/16",95
996,"“Family Feud” 10/28/16",96
997,"“Family Feud” 10/28/16",96
998,"“Family Feud” 10/31/16",97
999,"“Family Feud” 10/31/16",97
1000,"“Family Feud” 11/1/16",98
1001,"“Family Feud” 11/1/16",98
1002,"“Family Feud” 11/2/16",99
1003,"“Family Feud” 11/2/16",99
1004,"“Family Feud” 11/3/16",100
1005,"“Family Feud” 11/3/16",100
1006,"“Family Feud” 11/4/16",101
1007,"“Family Feud” 11/4/16",101
1008,"“Family Feud” 11/7/16",102
1009,"“Family Feud” 11/7/16",102
1010,"“Family Feud” 11/8/16",103
1011,"“Family Feud” 11/8/16",103
1012,"“Family Feud” 11/9/16",104
1013,"“Family Feud” 11/9/16",104
1014,"“Family Feud” 11/10/16",105
1015,"“Family Feud” 11/10/16",105
1016,"“Family Feud” 11/11/16",106
1017,"“Family Feud” 11/11/16",106
1018,"“Family Feud” 11/14/16",107
1019,"“Family Feud” 11/14/16",107
1020,"“Family Feud” 11/15/16",108
1021,"“Family Feud” 11/15/16",108
1022,"“Family Feud” 11/16/16",109
1023,"“Family Feud” 11/16/16",109
1024,"“Family Feud” 11/17/16",110
1025,"“Family Feud” 11/17/16",110
1026,"“Family Feud” 11/18/16",111
1027,"“Family Feud” 11/18/16",111
1028,"“Family Feud” 11/21/16",112
1029,"“Family Feud” 11/21/16",112
1030,"“Family Feud” 11/22/16",113
1031,"“Family Feud” 11/22/16",113
1032,"“Family Feud”- FINAL EPS. OF '16",114
1033,"“Family Feud”- FINAL EPS. OF '16",114
1034,"“Family Feud” 1/16/17",115
1035,"“Family Feud” 1/16/17",115
1036,"“Family Feud” 1/17/17",116
1037,"“Family Feud” 1/17/17",116
1038,"“Family Feud” 1/18/17",117
1039,"“Family Feud” 1/18/17",117
1040,"“Family Feud” 1/19/17",118
1041,"“Family Feud” 1/23/17- CAR GAME DOUBLEHEADER",119
1042,"“Family Feud” 1/23/17- CAR GAME DOUBLEHEADER",119
1043,"“Family Feud” 1/24/17",120
1044,"“Family Feud” 1/24/17",120
1045,"“Family Feud” 1/25/17",121
1046,"“Family Feud” 1/25/17",121
1047,"“Family Feud” 1/26/17",122
1048,"“Family Feud” 1/26/17",122
1049,"“Family Feud” 1/27/17",123
1050,"“Family Feud” 1/27/17",123
1051,"“Family Feud” 1/30/17",124
1052,"“Family Feud” 1/30/17",124
1053,"“Family Feud” 1/31/17",125
1054,"“Family Feud” 1/31/17",125
1055,"“Family Feud” 2/1/17",126
1056,"“Family Feud” 2/1/17",126
1057,"“Family Feud” 2/2/17",127
1058,"“Family Feud” 2/2/17",127
1059,"“Family Feud” 2/3/17",128
1060,"“Family Feud” 2/3/17",128
1061,"“Family Feud” 2/6/17",129
1062,"“Family Feud” 2/6/17",129
1063,"“Family Feud” 2/7/17",130
1064,"“Family Feud” 2/7/17",130
1065,"“Family Feud” 2/8/17",131
1066,"“Family Feud” 2/8/17",131
1067,"“Family Feud” 2/9/17",132
1068,"“Family Feud” 2/9/17",132
1069,"“Family Feud” 2/10/17",133
1070,"“Family Feud” 2/10/17",133
1071,"“Family Feud” 2/13/17",134
1072,"“Family Feud” 2/13/17",134
1073,"“Family Feud” 2/14/17",135
1074,"“Family Feud” 2/14/17",135
1075,"“Family Feud” 2/15/17",136
1076,"“Family Feud” 2/15/17",136
1077,"“Family Feud” 2/16/17",137
1078,"“Family Feud” 2/16/17",137
1079,"“Family Feud” 2/17/17",138
1080,"“Family Feud” 2/17/17",138
1081,"“Family Feud” 2/20/17",139
1082,"“Family Feud” 2/20/17",139
1083,"“Family Feud” 2/21/17",140
1084,"“Family Feud” 2/21/17",140
1085,"“Family Feud”- WINTER '17 FINALE",141
1086,"“Family Feud”- WINTER '17 FINALE",141
1087,"“Family Feud” 4/17/17",322
1088,"“Family Feud” 4/17/17",322
1089,"“Family Feud” 4/18/17",325
1090,"“Family Feud” 4/18/17",325
1091,"“Family Feud” 4/19/17",328
1092,"“Family Feud” 4/19/17",328
1093,"“Family Feud” 4/20/17",333
1094,"“Family Feud” 4/24/17",350
1095,"“Family Feud” 4/24/17",350
1096,"“Family Feud” 4/25/17",356
1097,"“Family Feud” 4/25/17",356
1098,"“Family Feud” 4/26/17",359
1099,"“Family Feud” 4/26/17",359
1100,"“Family Feud” 4/27/17",363
1101,"“Family Feud” 4/27/17",363
1102,"“Family Feud” 4/28/17",365
1103,"“Family Feud” 5/1/17",373
1104,"“Family Feud” 5/1/17",373
1105,"“Family Feud” 5/2/17",379
1106,"“Family Feud” 5/2/17",379
1107,"“Family Feud” 5/3/17",386
1108,"“Family Feud” 5/3/17",386
1109,"“Family Feud” 5/4/17",387
1110,"“Family Feud” 5/4/17",387
1111,"“Family Feud” 5/5/17",388
1112,"“Family Feud” 5/5/17",388
1113,"“Family Feud” 5/8/17",399
1114,"“Family Feud” 5/8/17",399
1115,"“Family Feud” 5/9/17",402
1116,"“Family Feud” 5/9/17",402
1117,"“Family Feud” 5/10/17",405
1118,"“Family Feud” 5/10/17",405
1119,"“Family Feud” 5/11/17",410
1120,"“Family Feud” 5/11/17",410
1121,"“Family Feud” 5/12/17",417
1122,"“Family Feud” 5/12/17",417
1123,"“Family Feud” 5/15/17",425
1124,"“Family Feud” 5/15/17",425
1125,"“Family Feud” 5/16/17",434
1126,"“Family Feud” 5/16/17",434
1127,"“Family Feud” 5/17/17",442
1128,"“Family Feud” 5/17/17",442
1129,"“Family Feud” 5/18/17",450
1130,"“Family Feud” 5/18/17",450
1131,"“Family Feud” 5/19/17",455
1132,"“Family Feud” 5/19/17",455
1133,"“Family Feud” 5/22/17",481
1134,"“Family Feud” 5/22/17",481
1135,"“Family Feud” 5/23/17",488
1136,"“Family Feud” 5/23/17",488
1137,"“Family Feud”- 18TH S.F. DAY",491
1138,"“Family Feud”- 18TH S.F. DAY",491
1139,"“Family Feud”- LOST S18 EP.",492
1140,"“Family Feud”- 19TH S.P.",622
1141,"“Family Feud”- 19TH S.P.",622
1142,"“Family Feud” 9/12/17",624
1143,"“Family Feud” 9/12/17",624
1144,"“Family Feud” 9/13/17",626
1145,"“Family Feud” 9/13/17",626
1146,"“Family Feud” 9/14/17",628
1147,"“Family Feud” 9/14/17",628
1148,"“Family Feud” 9/15/17",630
1149,"“Family Feud” 9/15/17",630
1150,"“Family Feud” 9/18/17",632
1151,"“Family Feud” 9/18/17",632
1152,"“Family Feud” 9/19/17",634
1153,"“Family Feud” 9/19/17",634
1154,"“Family Feud” 9/20/17",636
1155,"“Family Feud” 9/20/17",636
1156,"“Family Feud” 9/21/17",638
1157,"“Family Feud” 9/21/17",638
1158,"“Family Feud” 9/22/17",640
1159,"“Family Feud” 9/22/17",640
1160,"“Family Feud” 9/25/17",643
1161,"“Family Feud” 9/25/17",643
1162,"“Family Feud” 9/26/17",645
1163,"“Family Feud” 9/26/17",645
1164,"“Family Feud” 9/27/17",648
1165,"“Family Feud” 9/27/17",648
1166,"“Family Feud” 9/28/17",650
1167,"“Family Feud” 9/28/17",650
1168,"“Family Feud” 10/2/17",653
1169,"“Family Feud” 10/3/17",657
1170,"“Family Feud” 10/4/17",661
1171,"“Family Feud” 10/5/17",664
1172,"“Family Feud” 10/9/17",667
1173,"“Family Feud” 10/9/17",667
1174,"“Family Feud” 10/10/17",669
1175,"“Family Feud” 10/10/17",669
1176,"“Family Feud” 10/11/17",671
1177,"“Family Feud” 10/11/17",671
1178,"“Family Feud” 10/12/17",673
1179,"“Family Feud” 10/12/17",673
1180,"“Family Feud” 10/16/17",676
1181,"“Family Feud” 10/16/17",676
1182,"“Family Feud” 10/17/17",678
1183,"“Family Feud” 10/17/17",678
1184,"“Family Feud” 10/18/17",680
1185,"“Family Feud” 10/18/17",680
1186,"“Family Feud” 10/19/17",682
1187,"“Family Feud” 10/19/17",682
1188,"“Family Feud” 10/23/17",685
1189,"“Family Feud” 10/23/17",685
1190,"“Family Feud” 10/24/17- CAR GAME DOUBLEHEADER",686
1191,"“Family Feud” 10/24/17- CAR GAME DOUBLEHEADER",686
1192,"“Family Feud” 10/25/17",687
1193,"“Family Feud” 10/25/17",687
1194,"“Family Feud” 10/26/17",688
1195,"“Family Feud” 10/26/17",688
1196,"“Family Feud” 10/27/17",691
1197,"“Family Feud” 10/27/17",691
1198,"“Family Feud” 10/30/17",694
1199,"“Family Feud” 10/30/17",694
1200,"“Family Feud” 10/31/17",697
1201,"“Family Feud” 10/31/17",697
1202,"“Family Feud” 11/1/17",700
1203,"“Family Feud” 11/1/17",700
1204,"“Family Feud” 11/2/17",703
1205,"“Family Feud” 11/2/17",703
1206,"“Family Feud” 11/3/17",705
1207,"“Family Feud” 11/3/17",705
1208,"“Family Feud” 11/6/17",706
1209,"“Family Feud” 11/6/17",706
1210,"“Family Feud” 11/7/17",707
1211,"“Family Feud” 11/7/17",707
1212,"“Family Feud” 11/8/17",708
1213,"“Family Feud” 11/8/17",708
1214,"“Family Feud” 11/9/17",709
1215,"“Family Feud” 11/9/17",709
1216,"“Family Feud” 11/10/17",710
1217,"“Family Feud” 11/10/17",710
1218,"“Family Feud” 11/13/17",711
1219,"“Family Feud” 11/13/17",711
1220,"“Family Feud” 11/14/17",712
1221,"“Family Feud” 11/14/17",712
1222,"“Family Feud” 11/15/17",713
1223,"“Family Feud” 11/15/17",713
1224,"“Family Feud” 11/16/17",714
1225,"“Family Feud” 11/16/17",714
1226,"“Family Feud” 11/17/17",715
1227,"“Family Feud” 11/17/17",715
1228,"“Family Feud” 11/20/17",716
1229,"“Family Feud” 11/20/17",716
1230,"“Family Feud” 11/21/17",717
1231,"“Family Feud” 11/21/17",717
1232,"“Family Feud” 11/22/17",718
1233,"“Family Feud” 11/22/17",718
1234,"“Family Feud” 1/22/18",719
1235,"“Family Feud” 1/22/18",719
1236,"“Family Feud” 1/23/18",720
1237,"“Family Feud” 1/23/18",720
1238,"“Family Feud” 1/24/18",721
1239,"“Family Feud” 1/24/18",721
1240,"“Family Feud” 1/25/18",722
1241,"“Family Feud” 1/29/18",723
1242,"“Family Feud” 1/29/18",723
1243,"“Family Feud” 1/30/18",724
1244,"“Family Feud” 1/30/18",724
1245,"“Family Feud” 1/31/18",725
1246,"“Family Feud” 1/31/18",725
1247,"“Family Feud” 2/1/18",726
1248,"“Family Feud” 2/1/18",726
1249,"“Family Feud” 2/2/18",727
1250,"“Family Feud” 2/2/18",727
1251,"“Family Feud” 2/5/18",728
1252,"“Family Feud” 2/5/18",728
1253,"“Family Feud” 2/6/18",729
1254,"“Family Feud” 2/6/18",729
1255,"“Family Feud” 2/7/18",730
1256,"“Family Feud” 2/7/18",730
1257,"“Family Feud” 2/8/18",731
1258,"“Family Feud” 2/8/18",731
1259,"“Family Feud” 2/9/18",732
1260,"“Family Feud” 2/9/18",732
1261,"“Family Feud” 2/12/18",733
1262,"“Family Feud” 2/12/18",733
1263,"“Family Feud” 2/13/18",734
1264,"“Family Feud” 2/13/18",734
1265,"“Family Feud” 2/14/18",735
1266,"“Family Feud” 2/14/18",735
1267,"“Family Feud” 2/15/18",736
1268,"“Family Feud” 2/15/18",736
1269,"“Family Feud” 2/16/18",737
1270,"“Family Feud” 2/16/18",737
1271,"“Family Feud” 2/19/18",738
1272,"“Family Feud” 2/19/18",738
1273,"“Family Feud” 2/20/18",739
1274,"“Family Feud” 2/20/18",739
1275,"“Family Feud” 2/21/18",740
1276,"“Family Feud” 2/21/18",740
1277,"“Family Feud” 2/22/18",741
1278,"“Family Feud” 2/22/18",741
1279,"“Family Feud” 2/23/18",742
1280,"“Family Feud” 2/23/18",742
1281,"“Family Feud” 2/26/18",743
1282,"“Family Feud” 2/26/18",743
1283,"“Family Feud” 2/27/18",744
1284,"“Family Feud” 2/27/18",744
1285,"“Family Feud”- WINTER '18 FINALE",745
1286,"“Family Feud”- WINTER '18 FINALE",745
1287,"“Family Feud”- SPRING '18 PREMIERE",746
1288,"“Family Feud”- SPRING '18 PREMIERE",746
1289,"“Family Feud” 4/17/18",747
1290,"“Family Feud” 4/17/18",747
1291,"“Family Feud” 4/18/18",748
1292,"“Family Feud” 4/18/18",748
1293,"“Family Feud” 4/19/18",749
1294,"“Family Feud” 4/23/18",750
1295,"“Family Feud” 4/23/18",750
1296,"“Family Feud” 4/24/18",751
1297,"“Family Feud” 4/24/18",751
1298,"“Family Feud” 4/25/18",752
1299,"“Family Feud” 4/25/18",752
1300,"“Family Feud” 4/26/18",753
1301,"“Family Feud” 4/26/18",753
1302,"“Family Feud” 4/27/18",754
1303,"“Family Feud” 4/27/18",754
1304,"“Family Feud” 4/30/18",755
1305,"“Family Feud” 4/30/18",755
1306,"“Family Feud” 5/1/18",756
1307,"“Family Feud” 5/1/18",756
1308,"“Family Feud” 5/2/18",757
1309,"“Family Feud” 5/2/18",757
1310,"“Family Feud” 5/3/18",758
1311,"“Family Feud” 5/3/18",758
1312,"“Family Feud” 5/4/18",759
1313,"“Family Feud” 5/4/18",759
1314,"“Family Feud” 5/7/18",760
1315,"“Family Feud” 5/7/18",760
1316,"“Family Feud” 5/8/18",761
1317,"“Family Feud” 5/8/18",761
1318,"“Family Feud” 5/9/18",762
1319,"“Family Feud” 5/9/18",762
1320,"“Family Feud” 5/10/18",763
1321,"“Family Feud” 5/10/18",763
1322,"“Family Feud” 5/11/18",764
1323,"“Family Feud” 5/11/18",764
1324,"“Family Feud” 5/14/18",765
1325,"“Family Feud” 5/14/18",765
1326,"“Family Feud” 5/15/18",766
1327,"“Family Feud” 5/15/18",766
1328,"“Family Feud” 5/16/18",767
1329,"“Family Feud” 5/16/18",767
1330,"“Family Feud” 5/17/18",768
1331,"“Family Feud” 5/17/18",768
1332,"“Family Feud” 5/18/18",769
1333,"“Family Feud” 5/18/18",769
1334,"“Family Feud” 5/21/18",770
1335,"“Family Feud” 5/21/18",770
1336,"“Family Feud” 5/22/18",771
1337,"“Family Feud” 5/22/18",771
1338,"“Family Feud”- 19TH S.F.",772
1339,"“Family Feud”- 19TH S.F.",772
1340,"“Family Feud”- 20TH S.P.",782
1341,"“Family Feud”- 20TH S.P.",782
1342,"“Family Feud” 9/11/18",783
1343,"“Family Feud” 9/11/18",783
1344,"“Family Feud” 9/12/18",784
1345,"“Family Feud” 9/12/18",784
1346,"“Family Feud” 9/13/18",785
1347,"“Family Feud” 9/13/18",785
1348,"“Family Feud” 9/14/18",786
1349,"“Family Feud” 9/14/18",786
1350,"“Family Feud” 9/17/18",788
1351,"“Family Feud” 9/17/18",788
1352,"“Family Feud” 9/18/18",789
1353,"“Family Feud” 9/18/18",789
1354,"“Family Feud” 9/19/18",790
1355,"“Family Feud” 9/19/18",790
1356,"“Family Feud” 9/20/18",791
1357,"“Family Feud” 9/20/18",791
1358,"“Family Feud” 9/21/18",792
1359,"“Family Feud” 9/21/18",792
1360,"“Family Feud” 9/24/18",794
1361,"“Family Feud” 9/24/18",794
1362,"“Family Feud” 9/25/18",795
1363,"“Family Feud” 9/25/18",795
1364,"“Family Feud” 9/26/18",796
1365,"“Family Feud” 9/26/18",796
1366,"“Family Feud” 9/27/18",797
1367,"“Family Feud” 9/27/18",797
1368,"“Family Feud” 10/1/18",798
1369,"“Family Feud” 10/2/18",799
1370,"“Family Feud” 10/3/18",800
1371,"“Family Feud” 10/4/18",801
1372,"“Family Feud” 10/8/18",802
1373,"“Family Feud” 10/8/18",802
1374,"“Family Feud” 10/9/18",803
1375,"“Family Feud” 10/9/18",803
1376,"“Family Feud” 10/10/18",804
1377,"“Family Feud” 10/10/18",804
1378,"“Family Feud” 10/11/18",805
1379,"“Family Feud” 10/11/18",805
1380,"“Family Feud” 10/15/18",806
1381,"“Family Feud” 10/15/18",806
1382,"“Family Feud” 10/16/18",807
1383,"“Family Feud” 10/16/18",807
1384,"“Family Feud” 10/17/18",808
1385,"“Family Feud” 10/17/18",808
1386,"“Family Feud” 10/18/18",809
1387,"“Family Feud” 10/18/18",809
1388,"“Family Feud” 10/22/18",810
1389,"“Family Feud” 10/22/18",810
1390,"“Family Feud” 10/23/18",811
1391,"“Family Feud” 10/23/18",811
1392,"“Family Feud” 10/24/18",812
1393,"“Family Feud” 10/24/18",812
1394,"“Family Feud” 10/25/18",813
1395,"“Family Feud” 10/25/18",813
1396,"“Family Feud” 10/26/18",814
1397,"“Family Feud” 10/26/18",814
1398,"“Family Feud” 10/29/18",815
1399,"“Family Feud” 10/29/18",815
1400,"“Family Feud” 10/30/18",816
1401,"“Family Feud” 10/30/18",816
1402,"“Family Feud” 10/31/18",817
1403,"“Family Feud” 10/31/18",817
1404,"“Family Feud” 11/1/18",818
1405,"“Family Feud” 11/1/18",818
1406,"“Family Feud” 11/2/18",819
1407,"“Family Feud” 11/2/18",819
1408,"“Family Feud” 11/5/18",820
1409,"“Family Feud” 11/5/18",820
1410,"“Family Feud” 11/6/18",821
1411,"“Family Feud” 11/6/18",821
1412,"“Family Feud” 11/7/18",822
1413,"“Family Feud” 11/7/18",822
1414,"“Family Feud” 11/8/18",823
1415,"“Family Feud” 11/8/18",823
1416,"“Family Feud” 11/9/18",824
1417,"“Family Feud” 11/9/18",824
1418,"“Family Feud” 11/12/18",825
1419,"“Family Feud” 11/12/18",825
1420,"“Family Feud” 11/13/18",826
1421,"“Family Feud” 11/13/18",826
1422,"“Family Feud” 11/14/18",827
1423,"“Family Feud” 11/14/18",827
1424,"“Family Feud” 11/15/18",828
1425,"“Family Feud” 11/15/18",828
1426,"“Family Feud” 11/16/18",829
1427,"“Family Feud” 11/16/18",829
1428,"“Family Feud” 11/19/18",830
1429,"“Family Feud” 11/19/18",830
1430,"“Family Feud” 11/20/18",831
1431,"“Family Feud” 11/20/18",831
1432,"“Family Feud”- FALL '18 FINALE",832
1433,"“Family Feud”- FALL '18 FINALE",832
1434,"“Family Feud” 1/21/19",833
1435,"“Family Feud” 1/21/19",833
1436,"“Family Feud” 1/22/19",834
1437,"“Family Feud” 1/22/19",834
1438,"“Family Feud” 1/23/19",835
1439,"“Family Feud” 1/23/19",835
1440,"“Family Feud” 1/24/19",836
1441,"“Family Feud” 1/28/19",837
1442,"“Family Feud” 1/28/19",837
1443,"“Family Feud” 1/29/19",838
1444,"“Family Feud” 1/29/19",838
1445,"“Family Feud” 1/30/19",839
1446,"“Family Feud” 1/30/19",839
1447,"“Family Feud” 1/31/19",840
1448,"“Family Feud” 1/31/19",840
1449,"“Family Feud” 2/1/19",841
1450,"“Family Feud” 2/1/19",841
1451,"“Family Feud” 2/4/19",842
1452,"“Family Feud” 2/4/19",842
1453,"“Family Feud” 2/5/19",843
1454,"“Family Feud” 2/5/19",843
1455,"“Family Feud” 2/6/19",844
1456,"“Family Feud” 2/6/19",844
1457,"“Family Feud” 2/7/19",845
1458,"“Family Feud” 2/7/19",845
1459,"“Family Feud” 2/8/19",846
1460,"“Family Feud” 2/8/19",846
1461,"“Family Feud” 2/11/19",847
1462,"“Family Feud” 2/11/19",847
1463,"“Family Feud” 2/12/19",848
1464,"“Family Feud” 2/12/19",848
1465,"“Family Feud” 2/13/19",849
1466,"“Family Feud” 2/13/19",849
1467,"“Family Feud” 2/14/19",850
1468,"“Family Feud” 2/14/19",850
1469,"“Family Feud” 2/15/19",851
1470,"“Family Feud” 2/15/19",851
1471,"“Family Feud” 2/18/19",852
1472,"“Family Feud” 2/18/19",852
1473,"“Family Feud” 2/19/19",853
1474,"“Family Feud” 2/19/19",853
1475,"“Family Feud” 2/20/19",854
1476,"“Family Feud” 2/20/19",854
1477,"“Family Feud” 2/21/19",855
1478,"“Family Feud” 2/21/19",855
1479,"“Family Feud” 2/22/19",856
1480,"“Family Feud” 2/22/19",856
1481,"“Family Feud” 2/25/19",857
1482,"“Family Feud” 2/25/19",857
1483,"“Family Feud” 2/26/19",858
1484,"“Family Feud” 2/26/19",858
1485,"“Family Feud” 2/27/19",859
1486,"“Family Feud” 2/27/19",859
1487,"“Family Feud” 4/15/19",860
1488,"“Family Feud” 4/15/19",860
1489,"“Family Feud” 4/16/19",861
1490,"“Family Feud” 4/16/19",861
1491,"“Family Feud” 4/17/19",862
1492,"“Family Feud” 4/17/19",862
1493,"“Family Feud” 4/18/19",863
1494,"“Family Feud” 4/22/19",864
1495,"“Family Feud” 4/22/19",864
1496,"“Family Feud” 4/23/19",865
1497,"“Family Feud” 4/23/19",865
1498,"“Family Feud” 4/24/19",866
1499,"“Family Feud” 4/24/19",866
1500,"“Family Feud” 4/25/19",867
1501,"“Family Feud” 4/25/19",867
1502,"“Family Feud” 4/26/19",868
1503,"“Family Feud” 4/26/19",868
1504,"“Family Feud” 4/29/19",869
1505,"“Family Feud” 4/29/19",869
1506,"“Family Feud” 4/30/19",870
1507,"“Family Feud” 4/30/19",870
1508,"“Family Feud” 5/1/19",871
1509,"“Family Feud” 5/1/19",871
1510,"“Family Feud” 5/2/19",872
1511,"“Family Feud” 5/2/19",872
1512,"“Family Feud” 5/3/19",873
1513,"“Family Feud” 5/3/19",873
1514,"“Family Feud” 5/6/19",874
1515,"“Family Feud” 5/6/19",874
1516,"“Family Feud” 5/7/19",875
1517,"“Family Feud” 5/7/19",875
1518,"“Family Feud” 5/8/19",876
1519,"“Family Feud” 5/8/19",876
1520,"“Family Feud” 5/9/19",877
1521,"“Family Feud” 5/9/19",877
1522,"“Family Feud” 5/10/19",878
1523,"“Family Feud” 5/10/19",878
1524,"“Family Feud” 5/13/19",879
1525,"“Family Feud” 5/13/19",879
1526,"“Family Feud” 5/14/19",880
1527,"“Family Feud” 5/14/19",880
1528,"“Family Feud” 5/15/19",881
1529,"“Family Feud” 5/15/19",881
1530,"“Family Feud” 5/16/19",882
1531,"“Family Feud” 5/16/19",882
1532,"“Family Feud” 5/17/19",883
1533,"“Family Feud” 5/17/19",883
1534,"“Family Feud” 5/20/19",884
1535,"“Family Feud” 5/20/19",884
1536,"“Family Feud” 5/21/19",885
1537,"“Family Feud” 5/21/19",885
1538,"“Family Feud”- 20TH S.F.",886
1539,"“Family Feud”- 20TH S.F.",886
1540,"“Family Feud”- 21ST S.P.",896
1541,"“Family Feud”- 21ST S.P.",896
1542,"“Family Feud” 9/17/19",897
1543,"“Family Feud” 9/17/19",897
1544,"“Family Feud” 9/18/19",898
1545,"“Family Feud” 9/18/19",898
1546,"“Family Feud” 9/19/19",899
1547,"“Family Feud” 9/19/19",899
1548,"“Family Feud” 9/20/19",900
1549,"“Family Feud” 9/20/19",900
1550,"“Family Feud” 9/23/19",902
1551,"“Family Feud” 9/23/19",902
1552,"“Family Feud” 9/24/19",903
1553,"“Family Feud” 9/24/19",903
1554,"“Family Feud” 9/25/19",904
1555,"“Family Feud” 9/25/19",904
1556,"“Family Feud” 9/26/19",905
1557,"“Family Feud” 9/26/19",905
1558,"“Family Feud” 9/27/19",906
1559,"“Family Feud” 9/27/19",906
1560,"“Family Feud” 9/30/19",908
1561,"“Family Feud” 9/30/19",908
1562,"“Family Feud” 10/1/19",909
1563,"“Family Feud” 10/1/19",909
1564,"“Family Feud” 10/2/19",910
1565,"“Family Feud” 10/2/19",910
1566,"“Family Feud” 10/3/19",911
1567,"“Family Feud” 10/3/19",911
1568,"“Family Feud” 10/7/19",912
1569,"“Family Feud” 10/8/19",913
1570,"“Family Feud” 10/9/19",914
1571,"“Family Feud” 10/10/19",915
1572,"“Family Feud” 10/14/19",916
1573,"“Family Feud” 10/14/19",916
1574,"“Family Feud” 10/15/19",917
1575,"“Family Feud” 10/15/19",917
1576,"“Family Feud” 10/16/19",918
1577,"“Family Feud” 10/16/19",918
1578,"“Family Feud” 10/17/19",919
1579,"“Family Feud” 10/17/19",919
1580,"“Family Feud” 10/21/19",920
1581,"“Family Feud” 10/21/19",920
1582,"“Family Feud” 10/22/19",921
1583,"“Family Feud” 10/22/19",921
1584,"“Family Feud” 10/23/19",922
1585,"“Family Feud” 10/23/19",922
1586,"“Family Feud” 10/24/19",923
1587,"“Family Feud” 10/24/19",923
1588,"“Family Feud” 10/28/19",924
1589,"“Family Feud” 10/28/19",924
1590,"“Family Feud” 10/29/19",925
1591,"“Family Feud” 10/29/19",925
1592,"“Family Feud” 10/30/19",926
1593,"“Family Feud” 10/30/19",926
1594,"“Family Feud” 10/31/19",927
1595,"“Family Feud” 10/31/19",927
1596,"“Family Feud” 11/1/19",928
1597,"“Family Feud” 11/1/19",928
1598,"“Family Feud” 11/4/19",929
1599,"“Family Feud” 11/4/19",929
1600,"“Family Feud” 11/5/19",930
1601,"“Family Feud” 11/5/19",930
1602,"“Family Feud” 11/6/19",931
1603,"“Family Feud” 11/6/19",931
1604,"“Family Feud” 11/7/19",932
1605,"“Family Feud” 11/7/19",932
1606,"“Family Feud” 11/8/19",933
1607,"“Family Feud” 11/8/19",933
1608,"“Family Feud” 11/11/19",934
1609,"“Family Feud” 11/11/19",934
1610,"“Family Feud” 11/12/19",935
1611,"“Family Feud” 11/12/19",935
1612,"“Family Feud” 11/13/19",936
1613,"“Family Feud” 11/13/19",936
1614,"“Family Feud” 11/14/19",937
1615,"“Family Feud” 11/14/19",937
1616,"“Family Feud” 11/15/19",938
1617,"“Family Feud” 11/15/19",938
1618,"“Family Feud” 11/18/19",939
1619,"“Family Feud” 11/18/19",939
1620,"“Family Feud” 11/19/19",940
1621,"“Family Feud” 11/19/19",940
1622,"“Family Feud” 11/20/19",941
1623,"“Family Feud” 11/20/19",941
1624,"“Family Feud” 11/21/19",942
1625,"“Family Feud” 11/21/19",942
1626,"“Family Feud” 11/22/19",943
1627,"“Family Feud” 11/22/19",943
1628,"“Family Feud” 11/25/19",944
1629,"“Family Feud” 11/25/19",944
1630,"“Family Feud” 11/26/19",945
1631,"“Family Feud” 11/26/19",945
1632,"“Family Feud”- FALL '19 FINALE",946
1633,"“Family Feud”- FALL '19 FINALE",946
1634,"“Family Feud” 1/20/20",947
1635,"“Family Feud” 1/20/20",947
1636,"“Family Feud” 1/21/20",948
1637,"“Family Feud” 1/21/20",948
1638,"“Family Feud” 1/22/20",949
1639,"“Family Feud” 1/22/20",949
1640,"“Family Feud” 1/23/20",950
1641,"“Family Feud” 1/27/20",951
1642,"“Family Feud” 1/27/20",951
1643,"“Family Feud” 1/28/20",952
1644,"“Family Feud” 1/28/20",952
1645,"“Family Feud” 1/29/20",953
1646,"“Family Feud” 1/29/20",953
1647,"“Family Feud” 1/30/20",954
1648,"“Family Feud” 1/30/20",954
1649,"“Family Feud” 1/31/20",955
1650,"“Family Feud” 1/31/20",955
1651,"“Family Feud” 2/3/20",956
1652,"“Family Feud” 2/3/20",956
1653,"“Family Feud” 2/4/20",957
1654,"“Family Feud” 2/4/20",957
1655,"“Family Feud” 2/5/20",958
1656,"“Family Feud” 2/5/20",958
1657,"“Family Feud” 2/6/20",959
1658,"“Family Feud” 2/6/20",959
1659,"“Family Feud” 2/7/20",960
1660,"“Family Feud” 2/7/20",960
1661,"“Family Feud” 2/10/20",961
1662,"“Family Feud” 2/10/20",961
1663,"“Family Feud” 2/11/20",962
1664,"“Family Feud” 2/11/20",962
1665,"“Family Feud” 2/12/20",963
1666,"“Family Feud” 2/12/20",963
1667,"“Family Feud” 2/13/20",964
1668,"“Family Feud” 2/13/20",964
1669,"“Family Feud” 2/14/20",965
1670,"“Family Feud” 2/14/20",965
1671,"“Family Feud” 2/17/20",984
1672,"“Family Feud” 2/17/20",984
1673,"“Family Feud” 2/18/20",966
1674,"“Family Feud” 2/18/20",966
1675,"“Family Feud” 2/19/20",967
1676,"“Family Feud” 2/19/20",967
1677,"“Family Feud” 2/20/20",968
1678,"“Family Feud” 2/20/20",968
1679,"“Family Feud” 2/21/20",969
1680,"“Family Feud” 2/21/20",969
1681,"“Family Feud” 2/24/20",970
1682,"“Family Feud” 2/24/20",970
1683,"“Family Feud” 2/25/20",971
1684,"“Family Feud” 2/25/20",971
1685,"“Family Feud” 2/26/20",972
1686,"“Family Feud” 2/26/20",972
1687,"“Family Feud” 4/13/20",973
1688,"“Family Feud” 4/13/20",973
1689,"“Family Feud” 4/14/20",974
1690,"“Family Feud” 4/14/20",974
1691,"“Family Feud” 4/15/20",975
1692,"“Family Feud” 4/15/20",975
1693,"“Family Feud” 4/16/20",1078
1694,"“Family Feud” 4/20/20",981
1695,"“Family Feud” 4/20/20",981
1696,"“Family Feud” 4/21/20",976
1697,"“Family Feud” 4/21/20",976
1698,"“Family Feud” 4/22/20",1082
1699,"“Family Feud” 4/22/20",1082
1700,"“Family Feud” 4/23/20",977
1701,"“Family Feud” 4/23/20",977
1702,"“Family Feud” 4/24/20",978
1703,"“Family Feud” 4/24/20",978
1704,"“Family Feud” 4/27/20",979
1705,"“Family Feud” 4/27/20",979
1706,"“Family Feud” 4/28/20",980
1707,"“Family Feud” 4/28/20",980
1708,"“Family Feud” 5/4/20",982
1709,"“Family Feud” 5/5/20",983
1710,"“Family Feud” 5/11/20",985
1711,"“Family Feud” 5/12/20",986
1712,"“Family Feud” 5/18/20",987
1713,"“Family Feud” 5/19/20",988
1714,"“Family Feud”- 21ST S.F.",989
1715,"“Family Feud”- 22ND S.P.",998
1716,"“Family Feud”- 22ND S.P.",998
1717,"“Family Feud” 10/6/20",999
1718,"“Family Feud” 10/6/20",999
1719,"“Family Feud” 10/7/20",1000
1720,"“Family Feud” 10/7/20",1000
1721,"“Family Feud” 10/8/20",1001
1722,"“Family Feud” 10/8/20",1001
1723,"“Family Feud” 10/12/20",1003
1724,"“Family Feud” 10/13/20",1004
1725,"“Family Feud” 10/14/20",1006
1726,"“Family Feud” 10/15/20",1007
1727,"“Family Feud” 10/19/20",1036
1728,"“Family Feud” 10/20/20",1008
1729,"“Family Feud” 10/21/20",1009
1730,"“Family Feud” 10/22/20",1010
1731,"“Family Feud” 10/23/20",1011
1732,"“Family Feud” 10/26/20",1012
1733,"“Family Feud” 10/26/20",1012
1734,"“Family Feud” 10/27/20",1013
1735,"“Family Feud” 10/27/20",1013
1736,"“Family Feud” 10/28/20",1014
1737,"“Family Feud” 10/28/20",1014
1738,"“Family Feud” 10/29/20",1015
1739,"“Family Feud” 10/29/20",1015
1740,"“Family Feud” 10/30/20",1017
1741,"“Family Feud” 10/30/20",1017
1742,"“Family Feud” 11/2/20",1018
1743,"“Family Feud” 11/2/20",1018
1744,"“Family Feud” 11/3/20",1019
1745,"“Family Feud” 11/3/20",1019
1746,"“Family Feud” 11/4/20",1020
1747,"“Family Feud” 11/4/20",1020
1748,"“Family Feud” 11/5/20",1021
1749,"“Family Feud” 11/5/20",1021
1750,"“Family Feud” 11/6/20",1022
1751,"“Family Feud” 11/6/20",1022
1752,"“Family Feud” 11/9/20",1023
1753,"“Family Feud” 11/9/20",1023
1754,"“Family Feud” 11/10/20",1024
1755,"“Family Feud” 11/10/20",1024
1756,"“Family Feud” 11/11/20",1025
1757,"“Family Feud” 11/11/20",1025
1758,"“Family Feud” 11/12/20",1026
1759,"“Family Feud” 11/12/20",1026
1760,"“Family Feud” 11/13/20",1027
1761,"“Family Feud” 11/13/20",1027
1762,"“Family Feud” 11/16/20",1028
1763,"“Family Feud” 11/16/20",1028
1764,"“Family Feud” 11/17/20",1029
1765,"“Family Feud” 11/17/20",1029
1766,"“Family Feud” 11/18/20",1030
1767,"“Family Feud” 11/18/20",1030
1768,"“Family Feud” 11/19/20",1031
1769,"“Family Feud” 11/19/20",1031
1770,"“Family Feud” 11/20/20",1032
1771,"“Family Feud” 11/20/20",1032
1772,"“Family Feud” 11/23/20",1033
1773,"“Family Feud” 11/23/20",1033
1774,"“Family Feud” 11/24/20",1034
1775,"“Family Feud” 11/24/20",1034
1776,"“Family Feud”- FALL '20 FINALE",1035
1777,"“Family Feud”- FALL '20 FINALE",1035
1778,"“Family Feud” 1/25/21",1037
1779,"“Family Feud” 1/26/21",1038
1780,"“Family Feud” 1/27/21",1039
1781,"“Family Feud” 1/28/21",1040
1782,"“Family Feud” 1/29/21",1041
1783,"“Family Feud” 2/1/21",1042
1784,"“Family Feud” 2/1/21",1042
1785,"“Family Feud” 2/2/21",1043
1786,"“Family Feud” 2/2/21",1043
1787,"“Family Feud” 2/3/21",1044
1788,"“Family Feud” 2/3/21",1044
1789,"“Family Feud” 2/4/21",1045
1790,"“Family Feud” 2/4/21",1045
1791,"“Family Feud” 2/5/21",1046
1792,"“Family Feud” 2/5/21",1046
1793,"“Family Feud” 2/8/21",1047
1794,"“Family Feud” 2/8/21",1047
1795,"“Family Feud” 2/9/21",1048
1796,"“Family Feud” 2/9/21",1048
1797,"“Family Feud” 2/10/21",1049
1798,"“Family Feud” 2/10/21",1049
1799,"“Family Feud” 2/11/21",1050
1800,"“Family Feud” 2/11/21",1050
1801,"“Family Feud” 2/12/21",1051
1802,"“Family Feud” 2/12/21",1051
1803,"“Family Feud” 2/15/21",1052
1804,"“Family Feud” 2/15/21",1052
1805,"“Family Feud” 2/16/21",1053
1806,"“Family Feud” 2/16/21",1053
1807,"“Family Feud” 2/17/21",1054
1808,"“Family Feud” 2/17/21",1054
1809,"“Family Feud” 2/18/21",1055
1810,"“Family Feud” 2/18/21",1055
1811,"“Family Feud” 2/19/21",1056
1812,"“Family Feud” 2/19/21",1056
1813,"“Family Feud” 2/22/21",1057
1814,"“Family Feud” 2/22/21",1057
1815,"“Family Feud” 2/23/21",1058
1816,"“Family Feud” 2/23/21",1058
1817,"“Family Feud” 2/24/21",1059
1818,"“Family Feud” 2/24/21",1059
1819,"“Family Feud” 2/25/21",1060
1820,"“Family Feud” 2/25/21",1060
1821,"“Family Feud” 3/1",1061
1822,"“Family Feud” 3/1",1061
1823,"“Family Feud” 3/2",1062
1824,"“Family Feud” 3/2",1062
1825,"“Family Feud” 3/3",1063
1826,"“Family Feud” 3/3",1063
1827,"“Family Feud” 4/19/21",1064
1828,"“Family Feud” 4/20/21",1065
1829,"“Family Feud” 4/21/21",1066
1830,"“Family Feud” 4/22/21",1067
1831,"“Family Feud” 4/23/21",1068
1832,"“Family Feud” 4/26/21",1069
1833,"“Family Feud” 4/26/21",1069
1834,"“Family Feud” 4/27/21",1070
1835,"“Family Feud” 4/27/21",1070
1836,"“Family Feud” 4/28/21",1071
1837,"“Family Feud” 4/28/21",1071
1838,"“Family Feud” 4/29/21",1072
1839,"“Family Feud” 4/29/21",1072
1840,"“Family Feud” 4/30/21",1073
1841,"“Family Feud” 4/30/21",1073
1842,"“Family Feud” 5/3/21",1074
1843,"“Family Feud” 5/3/21",1074
1844,"“Family Feud” 5/4/21",1075
1845,"“Family Feud” 5/4/21",1075
1846,"“Family Feud” 5/5/21",1076
1847,"“Family Feud” 5/5/21",1076
1848,"“Family Feud” 5/6/21",1077
1849,"“Family Feud” 5/6/21",1077
1850,"“Family Feud” 5/7/21",1079
1851,"“Family Feud” 5/7/21",1079
1852,"“Family Feud” 5/10/21- CAR GAME DOUBLEHEADER",1080
1853,"“Family Feud” 5/10/21- CAR GAME DOUBLEHEADER",1080
1854,"“Family Feud” 5/11/21",1081
1855,"“Family Feud” 5/11/21",1081
1856,"“Family Feud” 5/12/21",1083
1857,"“Family Feud” 5/12/21",1083
1858,"“Family Feud” 5/13/21",1084
1859,"“Family Feud” 5/13/21",1084
1860,"“Family Feud” 5/14/21",1085
1861,"“Family Feud” 5/14/21",1085
1862,"“Family Feud” 5/17/21",1086
1863,"“Family Feud” 5/17/21",1086
1864,"“Family Feud” 5/18/21",1087
1865,"“Family Feud” 5/18/21",1087
1866,"“Family Feud” 5/19/21",1088
1867,"“Family Feud” 5/19/21",1088
1868,"“Family Feud” 5/20/21",1089
1869,"“Family Feud” 5/20/21",1089
1870,"“Family Feud” 5/21/21",1090
1871,"“Family Feud” 5/21/21",1090
1872,"“Family Feud” 5/24/21",1091
1873,"“Family Feud” 5/24/21",1091
1874,"“Family Feud” 5/25/21",1092
1875,"“Family Feud” 5/25/21",1092
1876,"“Family Feud”- 22ND S.F.",1093
1877,"“Family Feud”- 22ND S.F.",1093
1878,"“Family Feud”- WALMART/DISNEY SPECIAL",1106
1879,"“Family Feud”- 23RD S.P.",1111
1880,"“Family Feud” 9/28/21",1112
1881,"“Family Feud” 9/29/21",1113
1882,"“Family Feud” 9/30/21",1114
1883,"“Family Feud” 10/1/21",1115
1884,"“Family Feud” 10/4/21",1116
1885,"“Family Feud” 10/5/21",1117
1886,"“Family Feud” 10/6/21",1118
1887,"“Family Feud” 10/7/21",1119
1888,"“Family Feud” 10/8/21",1120
1889,"“Family Feud” 10/11/21",1121
1890,"“Family Feud” 10/11/21",1121
1891,"“Family Feud” 10/12/21",1122
1892,"“Family Feud” 10/12/21",1122
1893,"“Family Feud” 10/13/21",1123
1894,"“Family Feud” 10/18/21",1124
1895,"“Family Feud” 10/18/21",1124
1896,"“Family Feud” 10/19/21",1125
1897,"“Family Feud” 10/19/21",1125
1898,"“Family Feud” 10/20/21",1126
1899,"“Family Feud” 10/20/21",1126
1900,"“Family Feud” 10/21/21",1127
1901,"“Family Feud” 10/21/21",1127
1902,"“Family Feud” 10/22/21",1128
1903,"“Family Feud” 10/22/21",1128
1904,"“Family Feud” 10/25/21",1129
1905,"“Family Feud” 10/25/21",1129
1906,"“Family Feud” 10/26/21",1130
1907,"“Family Feud” 10/26/21",1130
1908,"“Family Feud” 10/27/21",1131
1909,"“Family Feud” 10/27/21",1131
1910,"“Family Feud” 10/28/21",1132
1911,"“Family Feud” 10/28/21",1132
1912,"“Family Feud” 10/29/21",1133
1913,"“Family Feud” 10/29/21",1133
1914,"“Family Feud” 11/1/21",1134
1915,"“Family Feud” 11/1/21",1134
1916,"“Family Feud” 11/2/21",1135
1917,"“Family Feud” 11/2/21",1135
1918,"“Family Feud” 11/3/21",1136
1919,"“Family Feud” 11/3/21",1136
1920,"“Family Feud” 11/4/21- CAR GAME DOUBLEHEADER",1137
1921,"“Family Feud” 11/4/21- CAR GAME DOUBLEHEADER",1137
1922,"“Family Feud” 11/5/21",1138
1923,"“Family Feud” 11/5/21",1138
1924,"“Family Feud” 11/8/21",1139
1925,"“Family Feud” 11/8/21",1139
1926,"“Family Feud” 11/9/21",1140
1927,"“Family Feud” 11/9/21",1140
1928,"“Family Feud” 11/10/21",1141
1929,"“Family Feud” 11/10/21",1141
1930,"“Family Feud” 11/11/21",1142
1931,"“Family Feud” 11/11/21",1142
1932,"“Family Feud” 11/12/21",1143
1933,"“Family Feud” 11/12/21",1143
1934,"“Family Feud” 11/15/21",1144
1935,"“Family Feud” 11/15/21",1144
1936,"“Family Feud” 11/16/21",1145
1937,"“Family Feud” 11/16/21",1145
1938,"“Family Feud” 11/17/21",1146
1939,"“Family Feud” 11/17/21",1146
1940,"“Family Feud” 11/18/21",1147
1941,"“Family Feud” 11/18/21",1147
1942,"“Family Feud” 11/19/21",1148
1943,"“Family Feud” 11/19/21",1148
1944,"“Family Feud” 11/22/21",1149
1945,"“Family Feud” 11/22/21",1149
1946,"“Family Feud” 11/23/21",1150
1947,"“Family Feud” 11/23/21",1150
1948,"“Family Feud” 11/24/21",1151
1949,"“Family Feud” 11/24/21",1151
1950,"“Family Feud” 11/29/21",1152
1951,"“Family Feud” 1/24/22",1153
1952,"“Family Feud” 1/24/22",1153
1953,"“Family Feud” 1/25/22",1154
1954,"“Family Feud” 1/25/22",1154
1955,"“Family Feud” 1/26/22",1155
1956,"“Family Feud” 1/26/22",1155
1957,"“Family Feud” 1/27/22",1156
1958,"“Family Feud” 1/27/22",1156
1959,"“Family Feud” 1/28/22",1157
1960,"“Family Feud” 1/31/22",1158
1961,"“Family Feud” 1/31/22",1158
1962,"“Family Feud” 2/1/22",1159
1963,"“Family Feud” 2/1/22",1159
1964,"“Family Feud” 2/2/22",1160
1965,"“Family Feud” 2/2/22",1160
1966,"“Family Feud” 2/3/22",1161
1967,"“Family Feud” 2/3/22",1161
1968,"“Family Feud” 2/4/22",1162
1969,"“Family Feud” 2/4/22",1162
1970,"“Family Feud” 2/7/22",1163
1971,"“Family Feud” 2/7/22",1163
1972,"“Family Feud” 2/8/22",1164
1973,"“Family Feud” 2/8/22",1164
1974,"“Family Feud” 2/9/22",1165
1975,"“Family Feud” 2/9/22",1165
1976,"“Family Feud” 2/10/22",1166
1977,"“Family Feud” 2/11/22",1167
1978,"“Family Feud” 2/14/22",1168
1979,"“Family Feud” 2/14/22",1168
1980,"“Family Feud” 2/15/22",1169
1981,"“Family Feud” 2/15/22",1169
1982,"“Family Feud” 2/16/22",1170
1983,"“Family Feud” 2/16/22",1170
1984,"“Family Feud” 2/17/22",1171
1985,"“Family Feud” 2/17/22",1171
1986,"“Family Feud” 2/18/22",1172
1987,"“Family Feud” 2/18/22",1172
1988,"“Family Feud” 2/21/22",1173
1989,"“Family Feud” 2/21/22",1173
1990,"“Family Feud” 2/22/22",1174
1991,"“Family Feud” 2/22/22",1174
1992,"“Family Feud” 2/23/22",1175
1993,"“Family Feud” 2/23/22",1175
1994,"“Family Feud” 2/24/22",1176
1995,"“Family Feud” 2/24/22",1176
1996,"“Family Feud” 2/25/22",1177
1997,"“Family Feud” 2/25/22",1177
1998,"“Family Feud” 2/28/22",1178
1999,"“Family Feud” 2/28/22",1178
2000,"“Family Feud” 3/1/22",1179
2001,"“Family Feud” 3/1/22",1179
2002,"“Family Feud” 3/2/22",1180
2003,"“Family Feud” 3/2/22",1180
2004,"“Family Feud” 4/18/22",1181
2005,"“Family Feud” 4/18/22",1181
2006,"“Family Feud” 4/19/22",1182
2007,"“Family Feud” 4/19/22",1182
2008,"“Family Feud” 4/20/22",1183
2009,"“Family Feud” 4/20/22",1183
2010,"“Family Feud” 4/21/22",1184
2011,"“Family Feud” 4/21/22",1184
2012,"“Family Feud” 4/25/22",1185
2013,"“Family Feud” 4/25/22",1185
2014,"“Family Feud” 4/26/22",1186
2015,"“Family Feud” 4/26/22",1186
2016,"“Family Feud” 4/27/22",1187
2017,"“Family Feud” 4/27/22",1187
2018,"“Family Feud” 4/28/22",1188
2019,"“Family Feud” 4/28/22",1188
2020,"“Family Feud” 4/29/22- CAR GAME DOUBLEHEADER",1189
2021,"“Family Feud” 4/29/22- CAR GAME DOUBLEHEADER",1189
2022,"“Family Feud” 5/2/22",1190
2023,"“Family Feud” 5/2/22",1190
2024,"“Family Feud” 5/3/22",1191
2025,"“Family Feud” 5/3/22",1191
2026,"“Family Feud” 5/4/22",1192
2027,"“Family Feud” 5/4/22",1192
2028,"“Family Feud” 5/5/22",1193
2029,"“Family Feud” 5/5/22",1193
2030,"“Family Feud” 5/6/22",1194
2031,"“Family Feud” 5/6/22",1194
2032,"“Family Feud” 5/9/22",1195
2033,"“Family Feud” 5/9/22",1195
2034,"“Family Feud” 5/10/22",1196
2035,"“Family Feud” 5/10/22",1196
2036,"“Family Feud” 5/11/22",1197
2037,"“Family Feud” 5/11/22",1197
2038,"“Family Feud” 5/12/22",1198
2039,"“Family Feud” 5/12/22",1198
2040,"“Family Feud” 5/13/22",1199
2041,"“Family Feud” 5/13/22",1199
2042,"“Family Feud” 5/16/22",1200
2043,"“Family Feud” 5/16/22",1200
2044,"“Family Feud” 5/17/22",1201
2045,"“Family Feud” 5/17/22",1201
2046,"“Family Feud” 5/18/22",1202
2047,"“Family Feud” 5/18/22",1202
2048,"“Family Feud” 5/19/22",1203
2049,"“Family Feud” 5/19/22",1203
2050,"“Family Feud” 5/20/22",1204
2051,"“Family Feud” 5/20/22",1204
2052,"“Family Feud” 5/23/22",1205
2053,"“Family Feud” 5/23/22",1205
2054,"“Family Feud” 5/24/22",1206
2055,"“Family Feud” 5/24/22",1206
2056,"“Family Feud”- 23RD REGULAR SEASON FINALE",1207
2057,"“Family Feud”- 23RD REGULAR SEASON FINALE",1207
2058,"“Family Feud”- JO KOY SPECIAL",1213
2059,"“Family Feud”- 24TH S.P.",1221
2060,"“Family Feud”- 24TH S.P.",1221
2061,"“Family Feud” 9/27/22",1222
2062,"“Family Feud” 9/27/22",1222
2063,"“Family Feud” 9/28/22",1223
2064,"“Family Feud” 9/28/22",1223
2065,"“Family Feud” 9/29/22",1224
2066,"“Family Feud” 9/29/22",1224
2067,"“Family Feud” 9/30/22",1225
2068,"“Family Feud” 10/3/22",1226
2069,"“Family Feud” 10/3/22",1226
2070,"“Family Feud” 10/4/22",1227
2071,"“Family Feud” 10/4/22",1227
2072,"“Family Feud” 10/5/22",1228
2073,"“Family Feud” 10/5/22",1228
2074,"“Family Feud” 10/6/22",1229
2075,"“Family Feud” 10/6/22",1229
2076,"“Family Feud” 10/10/22",1230
2077,"“Family Feud” 10/10/22",1230
2078,"“Family Feud” 10/11/22",1231
2079,"“Family Feud” 10/11/22",1231
2080,"“Family Feud” 10/12/22",1232
2081,"“Family Feud” 10/12/22",1232
2082,"“Family Feud” 10/13/22",1233
2083,"“Family Feud” 10/13/22",1233
2084,"“Family Feud” 10/17/22",1234
2085,"“Family Feud” 10/17/22",1234
2086,"“Family Feud” 10/18/22",1235
2087,"“Family Feud” 10/18/22",1235
2088,"“Family Feud” 10/20/22",1236
2089,"“Family Feud” 10/20/22",1236
2090,"“Family Feud” 10/21/22",1237
2091,"“Family Feud” 10/24/22",1238
2092,"“Family Feud” 10/24/22",1238
2093,"“Family Feud” 10/25/22",1239
2094,"“Family Feud” 10/25/22",1239
2095,"“Family Feud” 10/26/22",1240
2096,"“Family Feud” 10/26/22",1240
2097,"“Family Feud” 10/27/22",1241
2098,"“Family Feud” 10/27/22",1241
2099,"“Family Feud” 10/28/22",1242
2100,"“Family Feud” 10/28/22",1242
2101,"“Family Feud” 10/31/22",1243
2102,"“Family Feud” 10/31/22",1243
2103,"“Family Feud” 11/1/22",1244
2104,"“Family Feud” 11/1/22",1244
2105,"“Family Feud” 11/2/22",1245
2106,"“Family Feud” 11/2/22",1245
2107,"“Family Feud” 11/3/22",1246
2108,"“Family Feud” 11/3/22",1246
2109,"“Family Feud” 11/4/22",1247
2110,"“Family Feud” 11/4/22",1247
2111,"“Family Feud” 11/7/22",1248
2112,"“Family Feud” 11/7/22",1248
2113,"“Family Feud” 11/8/22",1249
2114,"“Family Feud” 11/8/22",1249
2115,"“Family Feud” 11/9/22",1250
2116,"“Family Feud” 11/9/22",1250
2117,"“Family Feud” 11/10/22",1251
2118,"“Family Feud” 11/10/22",1251
2119,"“Family Feud” 11/11/22",1252
2120,"“Family Feud” 11/11/22",1252
2121,"“Family Feud” 11/14/22",1253
2122,"“Family Feud” 11/14/22",1253
2123,"“Family Feud” 11/15/22",1254
2124,"“Family Feud” 11/15/22",1254
2125,"“Family Feud” 11/16/22",1255
2126,"“Family Feud” 11/16/22",1255
2127,"“Family Feud” 11/17/22",1256
2128,"“Family Feud” 11/17/22",1256
2129,"“Family Feud” 11/18/22",1257
2130,"“Family Feud” 11/18/22",1257
2131,"“Family Feud” 11/21/22",1258
2132,"“Family Feud” 11/21/22",1258
2133,"“Family Feud” 11/22/22",1259
2134,"“Family Feud” 11/22/22",1259
2135,"“Family Feud” 11/23/22",1260
2136,"“Family Feud” 11/23/22",1260
