GameID,Version,EpisodeNum,SeasonNum
1,Standard,1,12
2,Standard,2,12
3,Standard,3,12
4,Standard,4,12
5,Standard,5,12
6,Standard,6,12
7,Standard,7,12
8,Standard,8,12
9,Standard,9,12
10,Standard,10,12
11,Standard,11,12
12,Standard,12,12
13,Standard,13,12
14,Standard,14,12
15,Standard,15,12
16,Standard,16,12
17,Standard,17,12
18,Standard,18,12
19,Standard,19,12
20,Standard,20,12
21,Standard,21,12
22,Standard,22,12
23,Standard,23,12
24,Standard,24,12
25,Standard,25,12
26,Standard,26,12
27,Standard,27,12
28,Standard,28,12
29,Standard,29,12
30,Standard,30,12
31,Standard,31,12
32,Standard,32,12
33,Standard,33,12
34,Standard,34,12
35,Standard,35,12
36,Standard,36,12
37,Standard,37,12
38,Standard,38,12
39,Standard,39,12
40,Standard,40,12
41,Standard,41,12
42,Standard,42,12
43,Standard,43,12
44,Standard,44,12
45,Standard,45,12
46,Standard,46,12
47,Standard,47,12
48,Standard,48,12
49,Standard,49,12
50,Standard,50,12
51,Standard,51,12
52,Standard,52,12
53,Standard,53,12
54,Standard,54,12
55,Standard,55,12
56,Standard,56,12
57,Standard,57,12
58,Standard,58,12
59,Standard,59,12
60,Standard,60,12
61,Standard,61,12
62,Standard,62,12
63,Standard,63,12
64,Standard,64,12
65,Standard,65,12
66,Standard,66,12
67,Standard,67,12
68,Standard,68,12
69,Standard,69,12
70,Standard,70,12
71,Standard,71,12
72,Standard,72,12
73,Standard,73,12
74,Standard,74,12
75,Standard,75,12
76,Standard,76,12
77,Standard,77,12
78,Standard,78,12
79,Standard,79,12
80,Standard,80,12
81,Standard,81,12
82,Standard,82,12
83,Standard,83,12
84,Standard,84,12
85,Standard,85,12
86,Standard,86,12
87,Standard,87,12
88,Standard,88,12
89,Standard,89,12
90,Standard,90,12
91,Standard,91,12
92,Standard,92,12
93,Standard,93,12
94,Standard,94,12
95,Standard,95,12
96,Standard,96,12
97,Standard,97,12
98,Standard,98,12
99,Standard,99,12
100,Standard,100,12
101,Standard,101,12
102,Standard,102,12
103,Standard,103,12
104,Standard,104,12
105,Standard,105,12
106,Standard,106,12
107,Standard,107,12
108,Standard,108,12
109,Standard,109,12
110,Standard,110,12
111,Standard,111,12
112,Standard,112,12
113,Standard,113,12
114,Standard,114,12
115,Standard,115,12
116,Standard,116,12
117,Standard,117,12
118,Standard,118,12
119,Standard,119,12
120,Standard,120,12
121,Standard,121,12
122,Standard,122,12
123,Standard,123,12
124,Standard,124,12
125,Standard,125,12
126,Standard,126,12
127,Standard,127,12
128,Standard,128,12
129,Standard,129,12
130,Standard,130,12
131,Standard,131,12
132,Standard,132,12
133,Standard,133,12
134,Standard,134,12
135,Standard,135,12
136,Standard,136,12
137,Standard,137,12
138,Standard,138,12
139,Standard,139,12
140,Standard,140,12
141,Standard,141,12
142,Standard,142,12
143,Standard,143,12
144,Standard,144,12
145,Standard,145,12
146,Standard,146,12
147,Standard,147,12
148,Standard,148,12
149,Standard,149,12
150,Standard,150,12
151,Standard,151,12
152,Standard,152,12
153,Standard,153,12
154,Standard,154,12
155,Standard,155,12
156,Standard,156,12
157,Standard,157,12
158,Standard,158,12
159,Standard,159,12
160,Standard,160,12
161,Standard,161,12
162,Standard,162,12
163,Standard,163,12
164,Standard,164,12
165,Standard,165,12
166,Standard,1,13
167,Standard,2,13
168,Standard,3,13
169,Standard,4,13
170,Standard,5,13
171,Standard,6,13
172,Standard,7,13
173,Standard,8,13
174,Standard,9,13
175,Standard,10,13
176,Standard,11,13
177,Standard,12,13
178,Standard,13,13
179,Standard,14,13
180,Standard,15,13
181,Standard,16,13
182,Standard,17,13
183,Standard,18,13
184,Standard,19,13
185,Standard,20,13
186,Standard,21,13
187,Standard,22,13
188,Standard,23,13
189,Standard,24,13
190,Standard,25,13
191,Standard,26,13
192,Standard,27,13
193,Standard,28,13
194,Standard,29,13
195,Standard,30,13
196,Standard,31,13
197,Standard,32,13
198,Standard,33,13
199,Standard,34,13
200,Standard,35,13
201,Standard,36,13
202,Standard,1,14
203,Standard,2,14
204,Standard,3,14
205,Standard,4,14
206,Standard,5,14
207,Standard,6,14
208,Standard,7,14
209,Standard,8,14
210,Standard,9,14
211,Standard,10,14
212,Standard,11,14
213,Standard,12,14
214,Standard,13,14
215,Standard,14,14
216,Standard,15,14
217,Standard,16,14
218,Standard,17,14
219,Standard,18,14
220,Standard,19,14
221,Standard,20,14
222,Standard,21,14
223,Standard,22,14
224,Standard,23,14
225,Standard,24,14
226,Standard,25,14
227,Standard,26,14
228,Standard,27,14
229,Standard,28,14
230,Standard,29,14
231,Standard,30,14
232,Standard,31,14
233,Standard,32,14
234,Standard,34,14
235,Standard,35,14
236,Standard,36,14
237,Standard,37,14
238,Standard,38,14
239,Standard,39,14
240,Standard,40,14
241,Standard,41,14
242,Standard,42,14
243,Standard,43,14
244,Standard,44,14
245,Standard,45,14
246,Standard,46,14
247,Standard,47,14
248,Standard,48,14
249,Standard,49,14
250,Standard,50,14
251,Standard,51,14
252,Standard,52,14
253,Standard,54,14
254,Standard,53,14
255,Standard,56,14
256,Standard,58,14
257,Standard,55,14
258,Standard,60,14
259,Standard,57,14
260,Standard,62,14
261,Standard,59,14
262,Standard,64,14
263,Standard,61,14
264,Standard,66,14
265,Standard,63,14
266,Standard,68,14
267,Standard,65,14
268,Standard,70,14
269,Standard,67,14
270,Standard,72,14
271,Standard,69,14
272,Standard,74,14
273,Standard,71,14
274,Standard,76,14
275,Standard,73,14
276,Standard,75,14
277,Standard,77,14
278,Standard,80,14
279,Standard,79,14
280,Standard,82,14
281,Standard,81,14
282,Standard,84,14
283,Standard,83,14
284,Standard,86,14
285,Standard,88,14
286,Standard,85,14
287,Standard,90,14
288,Standard,87,14
289,Standard,92,14
290,Standard,89,14
291,Standard,94,14
292,Standard,91,14
293,Standard,96,14
294,Standard,93,14
295,Standard,95,14
296,Standard,98,14
297,Standard,97,14
298,Standard,100,14
299,Standard,99,14
300,Standard,102,14
301,Standard,101,14
302,Standard,104,14
303,Standard,103,14
304,Standard,106,14
305,Standard,105,14
306,Standard,108,14
307,Standard,107,14
308,Standard,110,14
309,Standard,109,14
310,Standard,111,14
311,Standard,112,14
312,Standard,113,14
313,Standard,114,14
314,Standard,115,14
315,Standard,116,14
316,Standard,117,14
317,Standard,118,14
318,Standard,119,14
319,Standard,120,14
320,Standard,122,14
321,Standard,121,14
322,Standard,124,14
323,Standard,123,14
324,Standard,126,14
325,Standard,125,14
326,Standard,128,14
327,Standard,127,14
328,Standard,130,14
329,Standard,129,14
330,Standard,131,14
331,Standard,131,14
332,Standard,134,14
333,Standard,133,14
334,Standard,136,14
335,Standard,135,14
336,Standard,138,14
337,Standard,137,14
338,Standard,140,14
339,Standard,139,14
340,Standard,142,14
341,Standard,141,14
342,Standard,144,14
343,Standard,143,14
344,Standard,146,14
345,Standard,145,14
346,Standard,148,14
347,Standard,147,14
348,Standard,150,14
349,Standard,149,14
350,Standard,152,14
351,Standard,151,14
352,Standard,154,14
353,Standard,153,14
354,Standard,156,14
355,Standard,155,14
356,Standard,158,14
357,Standard,157,14
358,Standard,160,14
359,Standard,159,14
360,Standard,162,14
361,Standard,161,14
362,Standard,164,14
363,Standard,163,14
364,Standard,166,14
365,Standard,165,14
366,Standard,168,14
367,Standard,167,14
368,Standard,170,14
369,Standard,169,14
370,Standard,172,14
371,Standard,171,14
372,Standard,174,14
373,Standard,173,14
374,Standard,176,14
375,Standard,175,14
376,Standard,178,14
377,Standard,177,14
378,Standard,180,14
379,Standard,179,14
380,Standard,1,15
381,Standard,2,15
382,Standard,3,15
383,Standard,4,15
384,Standard,5,15
385,Standard,6,15
386,Standard,7,15
387,Standard,8,15
388,Standard,9,15
389,Standard,10,15
390,Standard,11,15
391,Standard,12,15
392,Standard,13,15
393,Standard,14,15
394,Standard,15,15
395,Standard,16,15
396,Standard,17,15
397,Standard,18,15
398,Standard,19,15
399,Standard,20,15
400,Standard,21,15
401,Standard,22,15
402,Standard,23,15
403,Standard,24,15
404,Standard,25,15
405,Standard,26,15
406,Standard,27,15
407,Standard,28,15
408,Standard,29,15
409,Standard,30,15
410,Standard,31,15
411,Standard,32,15
412,Standard,33,15
413,Standard,34,15
414,Standard,35,15
415,Standard,36,15
416,Standard,37,15
417,Standard,38,15
418,Standard,39,15
419,Standard,40,15
420,Standard,41,15
421,Standard,42,15
422,Standard,43,15
423,Standard,44,15
424,Standard,45,15
425,Standard,46,15
426,Standard,47,15
427,Standard,48,15
428,Standard,49,15
429,Standard,50,15
430,Standard,51,15
431,Standard,52,15
432,Standard,53,15
433,Standard,54,15
434,Standard,55,15
435,Standard,56,15
436,Standard,57,15
437,Standard,58,15
438,Standard,59,15
439,Standard,60,15
440,Standard,61,15
441,Standard,62,15
442,Standard,63,15
443,Standard,64,15
444,Standard,65,15
445,Standard,66,15
446,Standard,67,15
447,Standard,68,15
448,Standard,69,15
449,Standard,70,15
450,Standard,71,15
451,Standard,72,15
452,Standard,73,15
453,Standard,74,15
454,Standard,75,15
455,Standard,76,15
456,Standard,77,15
457,Standard,78,15
458,Standard,79,15
459,Standard,80,15
460,Standard,81,15
461,Standard,82,15
462,Standard,83,15
463,Standard,84,15
464,Standard,85,15
465,Standard,86,15
466,Standard,87,15
467,Standard,88,15
468,Standard,89,15
469,Standard,90,15
470,Standard,91,15
471,Standard,92,15
472,Standard,93,15
473,Standard,94,15
474,Standard,95,15
475,Standard,96,15
476,Standard,97,15
477,Standard,98,15
478,Standard,99,15
479,Standard,100,15
480,Standard,101,15
481,Standard,102,15
482,Standard,103,15
483,Standard,104,15
484,Standard,105,15
485,Standard,106,15
486,Standard,107,15
487,Standard,108,15
488,Standard,109,15
489,Standard,110,15
490,Standard,111,15
491,Standard,112,15
492,Standard,113,15
493,Standard,114,15
494,Standard,115,15
495,Standard,116,15
496,Standard,117,15
497,Standard,118,15
498,Standard,119,15
499,Standard,120,15
500,Standard,121,15
501,Standard,122,15
502,Standard,123,15
503,Standard,124,15
504,Standard,125,15
505,Standard,126,15
506,Standard,127,15
507,Standard,128,15
508,Standard,129,15
509,Standard,130,15
510,Standard,131,15
511,Standard,132,15
512,Standard,133,15
513,Standard,134,15
514,Standard,136,15
515,Standard,135,15
516,Standard,138,15
517,Standard,137,15
518,Standard,140,15
519,Standard,139,15
520,Standard,142,15
521,Standard,141,15
522,Standard,143,15
523,Standard,144,15
524,Standard,146,15
525,Standard,145,15
526,Standard,148,15
527,Standard,147,15
528,Standard,150,15
529,Standard,149,15
530,Standard,152,15
531,Standard,151,15
532,Standard,154,15
533,Standard,153,15
534,Standard,155,15
535,Standard,156,15
536,Standard,157,15
537,Standard,158,15
538,Standard,159,15
539,Standard,160,15
540,Standard,161,15
541,Standard,162,15
542,Standard,163,15
543,Standard,164,15
544,Standard,165,15
545,Standard,166,15
546,Standard,167,15
547,Standard,168,15
548,Standard,169,15
549,Standard,170,15
550,Standard,171,15
551,Standard,172,15
552,Standard,173,15
553,Standard,174,15
554,Standard,175,15
555,Standard,176,15
556,Standard,177,15
557,Standard,178,15
558,Standard,179,15
559,Standard,180,15
560,Standard,1,16
561,Standard,2,16
562,Standard,3,16
563,Standard,4,16
564,Standard,5,16
565,Standard,6,16
566,Standard,7,16
567,Standard,8,16
568,Standard,9,16
569,Standard,10,16
570,Standard,11,16
571,Standard,12,16
572,Standard,13,16
573,Standard,14,16
574,Standard,15,16
575,Standard,16,16
576,Standard,17,16
577,Standard,18,16
578,Standard,19,16
579,Standard,20,16
580,Standard,21,16
581,Standard,22,16
582,Standard,23,16
583,Standard,24,16
584,Standard,25,16
585,Standard,26,16
586,Standard,27,16
587,Standard,28,16
588,Standard,29,16
589,Standard,30,16
590,Standard,31,16
591,Standard,32,16
592,Standard,33,16
593,Standard,34,16
594,Standard,35,16
595,Standard,36,16
596,Standard,37,16
597,Standard,38,16
598,Standard,39,16
599,Standard,40,16
600,Standard,41,16
601,Standard,42,16
602,Standard,43,16
603,Standard,44,16
604,Standard,45,16
605,Standard,46,16
606,Standard,47,16
607,Standard,48,16
608,Standard,49,16
609,Standard,50,16
610,Standard,51,16
611,Standard,52,16
612,Standard,53,16
613,Standard,54,16
614,Standard,55,16
615,Standard,56,16
616,Standard,57,16
617,Standard,58,16
618,Standard,59,16
619,Standard,60,16
620,Standard,61,16
621,Standard,62,16
622,Standard,63,16
623,Standard,64,16
624,Standard,65,16
625,Standard,66,16
626,Standard,67,16
627,Standard,68,16
628,Standard,69,16
629,Standard,70,16
630,Standard,71,16
631,Standard,72,16
632,Standard,73,16
633,Standard,74,16
634,Standard,75,16
635,Standard,76,16
636,Standard,77,16
637,Standard,78,16
638,Standard,79,16
639,Standard,80,16
640,Standard,81,16
641,Standard,82,16
642,Standard,83,16
643,Standard,84,16
644,Standard,85,16
645,Standard,86,16
646,Standard,87,16
647,Standard,88,16
648,Standard,90,16
649,Standard,89,16
650,Standard,92,16
651,Standard,91,16
652,Standard,94,16
653,Standard,93,16
654,Standard,96,16
655,Standard,95,16
656,Standard,98,16
657,Standard,97,16
658,Standard,100,16
659,Standard,99,16
660,Standard,102,16
661,Standard,101,16
662,Standard,104,16
663,Standard,103,16
664,Standard,106,16
665,Standard,105,16
666,Standard,108,16
667,Standard,107,16
668,Standard,110,16
669,Standard,109,16
670,Standard,112,16
671,Standard,111,16
672,Standard,114,16
673,Standard,113,16
674,Standard,116,16
675,Standard,115,16
676,Standard,118,16
677,Standard,117,16
678,Standard,120,16
679,Standard,119,16
680,Standard,122,16
681,Standard,121,16
682,Standard,124,16
683,Standard,123,16
684,Standard,126,16
685,Standard,125,16
686,Standard,128,16
687,Standard,127,16
688,Standard,130,16
689,Standard,129,16
690,Standard,132,16
691,Standard,131,16
692,Standard,134,16
693,Standard,133,16
694,Standard,135,16
695,Standard,136,16
696,Standard,137,16
697,Standard,138,16
698,Standard,139,16
699,Standard,140,16
700,Standard,141,16
701,Standard,142,16
702,Standard,143,16
703,Standard,144,16
704,Standard,145,16
705,Standard,146,16
706,Standard,147,16
707,Standard,148,16
708,Standard,149,16
709,Standard,151,16
710,Standard,150,16
711,Standard,152,16
712,Standard,153,16
713,Standard,154,16
714,Standard,156,16
715,Standard,155,16
716,Standard,158,16
717,Standard,157,16
718,Standard,160,16
719,Standard,159,16
720,Standard,162,16
721,Standard,161,16
722,Standard,164,16
723,Standard,163,16
724,Standard,166,16
725,Standard,165,16
726,Standard,168,16
727,Standard,167,16
728,Standard,170,16
729,Standard,169,16
730,Standard,172,16
731,Standard,171,16
732,Standard,174,16
733,Standard,173,16
734,Standard,176,16
735,Standard,175,16
736,Standard,178,16
737,Standard,177,16
738,Standard,180,16
739,Standard,179,16
740,Standard,1,17
741,Standard,2,17
742,Standard,3,17
743,Standard,4,17
744,Standard,5,17
745,Standard,6,17
746,Standard,7,17
747,Standard,8,17
748,Standard,9,17
749,Standard,10,17
750,Standard,11,17
751,Standard,12,17
752,Standard,13,17
753,Standard,14,17
754,Standard,15,17
755,Standard,16,17
756,Standard,17,17
757,Standard,18,17
758,Standard,19,17
759,Standard,20,17
760,Standard,21,17
761,Standard,22,17
762,Standard,23,17
763,Standard,24,17
764,Standard,25,17
765,Standard,26,17
766,Standard,27,17
767,Standard,28,17
768,Standard,29,17
769,Standard,30,17
770,Standard,31,17
771,Standard,32,17
772,Standard,33,17
773,Standard,34,17
774,Standard,35,17
775,Standard,36,17
776,Standard,37,17
777,Standard,38,17
778,Standard,39,17
779,Standard,40,17
780,Standard,41,17
781,Standard,42,17
782,Standard,43,17
783,Standard,44,17
784,Standard,45,17
785,Standard,46,17
786,Standard,47,17
787,Standard,48,17
788,Standard,49,17
789,Standard,50,17
790,Standard,51,17
791,Standard,52,17
792,Standard,53,17
793,Standard,54,17
794,Standard,55,17
795,Standard,56,17
796,Standard,57,17
797,Standard,58,17
798,Standard,59,17
799,Standard,60,17
800,Standard,61,17
801,Standard,62,17
802,Standard,63,17
803,Standard,64,17
804,Standard,65,17
805,Standard,66,17
806,Standard,67,17
807,Standard,68,17
808,Standard,69,17
809,Standard,70,17
810,Standard,71,17
811,Standard,72,17
812,Standard,73,17
813,Standard,74,17
814,Standard,75,17
815,Standard,76,17
816,Standard,77,17
817,Standard,78,17
818,Standard,79,17
819,Standard,80,17
820,Standard,81,17
821,Standard,82,17
822,Standard,83,17
823,Standard,84,17
824,Standard,85,17
825,Standard,86,17
826,Standard,87,17
827,Standard,88,17
828,Standard,89,17
829,Standard,90,17
830,Standard,91,17
831,Standard,92,17
832,Standard,93,17
833,Standard,94,17
834,Standard,95,17
835,Standard,96,17
836,Standard,97,17
837,Standard,98,17
838,Standard,99,17
839,Standard,100,17
840,Standard,101,17
841,Standard,102,17
842,Standard,103,17
843,Standard,104,17
844,Standard,105,17
845,Standard,106,17
846,Standard,107,17
847,Standard,108,17
848,Standard,109,17
849,Standard,112,17
850,Standard,111,17
851,Standard,110,17
852,Standard,113,17
853,Standard,114,17
854,Standard,115,17
855,Standard,116,17
856,Standard,117,17
857,Standard,118,17
858,Standard,119,17
859,Standard,120,17
860,Standard,121,17
861,Standard,122,17
862,Standard,123,17
863,Standard,124,17
864,Standard,125,17
865,Standard,126,17
866,Standard,127,17
867,Standard,128,17
868,Standard,129,17
869,Standard,130,17
870,Standard,131,17
871,Standard,132,17
872,Standard,133,17
873,Standard,134,17
874,Standard,135,17
875,Standard,136,17
876,Standard,137,17
877,Standard,138,17
878,Standard,139,17
879,Standard,140,17
880,Standard,141,17
881,Standard,142,17
882,Standard,143,17
883,Standard,144,17
884,Standard,145,17
885,Standard,146,17
886,Standard,147,17
887,Standard,148,17
888,Standard,149,17
889,Standard,150,17
890,Standard,151,17
891,Standard,152,17
892,Standard,153,17
893,Standard,154,17
894,Standard,155,17
895,Standard,156,17
896,Standard,157,17
897,Standard,158,17
898,Standard,159,17
899,Standard,160,17
900,Standard,161,17
901,Standard,162,17
902,Standard,163,17
903,Standard,164,17
904,Standard,165,17
905,Standard,166,17
906,Standard,167,17
907,Standard,168,17
908,Standard,169,17
909,Standard,170,17
910,Standard,171,17
911,Standard,172,17
912,Standard,173,17
913,Standard,174,17
914,Standard,175,17
915,Standard,176,17
916,Standard,177,17
917,Standard,178,17
918,Standard,179,17
919,Standard,180,17
920,Standard,181,17
921,Standard,182,17
922,Standard,183,17
923,Standard,184,17
924,Standard,185,17
925,Standard,186,17
926,Standard,187,17
927,Standard,188,17
928,Standard,189,17
929,Standard,190,17
930,Standard,191,17
931,Standard,192,17
932,Standard,193,17
933,Standard,194,17
934,Standard,195,17
935,Standard,196,17
936,Standard,197,17
937,Standard,198,17
938,Standard,199,17
939,Standard,200,17
940,Standard,1,18
941,Standard,2,18
942,Standard,3,18
943,Standard,4,18
944,Standard,5,18
945,Standard,6,18
946,Standard,7,18
947,Standard,8,18
948,Standard,9,18
949,Standard,10,18
950,Standard,11,18
951,Standard,12,18
952,Standard,13,18
953,Standard,14,18
954,Standard,15,18
955,Standard,16,18
956,Standard,17,18
957,Standard,18,18
958,Standard,19,18
959,Standard,20,18
960,Standard,21,18
961,Standard,22,18
962,Standard,23,18
963,Standard,24,18
964,Standard,25,18
965,Standard,26,18
966,Standard,27,18
967,Standard,28,18
968,Standard,29,18
969,Standard,30,18
970,Standard,31,18
971,Standard,32,18
972,Standard,33,18
973,Standard,34,18
974,Standard,35,18
975,Standard,36,18
976,Standard,37,18
977,Standard,38,18
978,Standard,39,18
979,Standard,40,18
980,Standard,41,18
981,Standard,42,18
982,Standard,43,18
983,Standard,44,18
984,Standard,45,18
985,Standard,46,18
986,Standard,47,18
987,Standard,48,18
988,Standard,49,18
989,Standard,50,18
990,Standard,51,18
991,Standard,52,18
992,Standard,53,18
993,Standard,54,18
994,Standard,55,18
995,Standard,56,18
996,Standard,57,18
997,Standard,58,18
998,Standard,59,18
999,Standard,60,18
1000,Standard,61,18
1001,Standard,62,18
1002,Standard,63,18
1003,Standard,64,18
1004,Standard,65,18
1005,Standard,66,18
1006,Standard,67,18
1007,Standard,68,18
1008,Standard,69,18
1009,Standard,70,18
1010,Standard,71,18
1011,Standard,72,18
1012,Standard,73,18
1013,Standard,74,18
1014,Standard,75,18
1015,Standard,76,18
1016,Standard,77,18
1017,Standard,78,18
1018,Standard,79,18
1019,Standard,80,18
1020,Standard,81,18
1021,Standard,82,18
1022,Standard,83,18
1023,Standard,84,18
1024,Standard,85,18
1025,Standard,86,18
1026,Standard,87,18
1027,Standard,88,18
1028,Standard,89,18
1029,Standard,90,18
1030,Standard,91,18
1031,Standard,92,18
1032,Standard,93,18
1033,Standard,94,18
1034,Standard,95,18
1035,Standard,96,18
1036,Standard,97,18
1037,Standard,98,18
1038,Standard,99,18
1039,Standard,100,18
1040,Standard,101,18
1041,Standard,102,18
1042,Standard,103,18
1043,Standard,104,18
1044,Standard,105,18
1045,Standard,106,18
1046,Standard,107,18
1047,Standard,108,18
1048,Standard,109,18
1049,Standard,110,18
1050,Standard,111,18
1051,Standard,112,18
1052,Standard,113,18
1053,Standard,114,18
1054,Standard,115,18
1055,Standard,116,18
1056,Standard,117,18
1057,Standard,118,18
1058,Standard,119,18
1059,Standard,120,18
1060,Standard,121,18
1061,Standard,122,18
1062,Standard,123,18
1063,Standard,124,18
1064,Standard,125,18
1065,Standard,126,18
1066,Standard,127,18
1067,Standard,128,18
1068,Standard,129,18
1069,Standard,130,18
1070,Standard,131,18
1071,Standard,132,18
1072,Standard,133,18
1073,Standard,134,18
1074,Standard,135,18
1075,Standard,136,18
1076,Standard,137,18
1077,Standard,138,18
1078,Standard,139,18
1079,Standard,140,18
1080,Standard,141,18
1081,Standard,142,18
1082,Standard,143,18
1083,Standard,144,18
1084,Standard,145,18
1085,Standard,146,18
1086,Standard,147,18
1087,Standard,148,18
1088,Standard,149,18
1089,Standard,164,18
1090,Standard,151,18
1091,Standard,152,18
1092,Standard,153,18
1093,Standard,154,18
1094,Standard,155,18
1095,Standard,156,18
1096,Standard,157,18
1097,Standard,158,18
1098,Standard,159,18
1099,Standard,160,18
1100,Standard,161,18
1101,Standard,162,18
1102,Standard,163,18
1103,Standard,165,18
1104,Standard,166,18
1105,Standard,167,18
1106,Standard,168,18
1107,Standard,169,18
1108,Standard,170,18
1109,Standard,171,18
1110,Standard,172,18
1111,Standard,173,18
1112,Standard,174,18
1113,Standard,175,18
1114,Standard,176,18
1115,Standard,177,18
1116,Standard,178,18
1117,Standard,179,18
1118,Standard,180,18
1119,Standard,181,18
1120,Standard,182,18
1121,Standard,183,18
1122,Standard,184,18
1123,Standard,185,18
1124,Standard,186,18
1125,Standard,187,18
1126,Standard,188,18
1127,Standard,189,18
1128,Standard,190,18
1129,Standard,191,18
1130,Standard,192,18
1131,Standard,193,18
1132,Standard,194,18
1133,Standard,195,18
1134,Standard,196,18
1135,Standard,197,18
1136,Standard,198,18
1137,Standard,199,18
1138,Standard,200,18
1139,Standard,150,18
1140,Standard,1,19
1141,Standard,2,19
1142,Standard,3,19
1143,Standard,4,19
1144,Standard,5,19
1145,Standard,6,19
1146,Standard,7,19
1147,Standard,8,19
1148,Standard,9,19
1149,Standard,10,19
1150,Standard,11,19
1151,Standard,12,19
1152,Standard,13,19
1153,Standard,14,19
1154,Standard,15,19
1155,Standard,16,19
1156,Standard,17,19
1157,Standard,18,19
1158,Standard,19,19
1159,Standard,20,19
1160,Standard,21,19
1161,Standard,22,19
1162,Standard,23,19
1163,Standard,24,19
1164,Standard,25,19
1165,Standard,26,19
1166,Standard,27,19
1167,Standard,28,19
1168,Standard,29,19
1169,Standard,30,19
1170,Standard,31,19
1171,Standard,32,19
1172,Standard,33,19
1173,Standard,34,19
1174,Standard,35,19
1175,Standard,36,19
1176,Standard,37,19
1177,Standard,38,19
1178,Standard,39,19
1179,Standard,40,19
1180,Standard,41,19
1181,Standard,42,19
1182,Standard,43,19
1183,Standard,44,19
1184,Standard,45,19
1185,Standard,46,19
1186,Standard,47,19
1187,Standard,48,19
1188,Standard,49,19
1189,Standard,50,19
1190,Standard,51,19
1191,Standard,52,19
1192,Standard,53,19
1193,Standard,54,19
1194,Standard,55,19
1195,Standard,56,19
1196,Standard,57,19
1197,Standard,58,19
1198,Standard,59,19
1199,Standard,60,19
1200,Standard,61,19
1201,Standard,62,19
1202,Standard,63,19
1203,Standard,64,19
1204,Standard,65,19
1205,Standard,66,19
1206,Standard,67,19
1207,Standard,68,19
1208,Standard,69,19
1209,Standard,70,19
1210,Standard,71,19
1211,Standard,72,19
1212,Standard,73,19
1213,Standard,74,19
1214,Standard,75,19
1215,Standard,76,19
1216,Standard,77,19
1217,Standard,78,19
1218,Standard,79,19
1219,Standard,80,19
1220,Standard,81,19
1221,Standard,82,19
1222,Standard,83,19
1223,Standard,84,19
1224,Standard,85,19
1225,Standard,86,19
1226,Standard,87,19
1227,Standard,88,19
1228,Standard,89,19
1229,Standard,90,19
1230,Standard,91,19
1231,Standard,92,19
1232,Standard,93,19
1233,Standard,94,19
1234,Standard,95,19
1235,Standard,96,19
1236,Standard,97,19
1237,Standard,98,19
1238,Standard,99,19
1239,Standard,100,19
1240,Standard,101,19
1241,Standard,102,19
1242,Standard,103,19
1243,Standard,104,19
1244,Standard,105,19
1245,Standard,106,19
1246,Standard,107,19
1247,Standard,108,19
1248,Standard,109,19
1249,Standard,110,19
1250,Standard,111,19
1251,Standard,112,19
1252,Standard,113,19
1253,Standard,114,19
1254,Standard,115,19
1255,Standard,116,19
1256,Standard,117,19
1257,Standard,118,19
1258,Standard,119,19
1259,Standard,120,19
1260,Standard,121,19
1261,Standard,122,19
1262,Standard,123,19
1263,Standard,124,19
1264,Standard,125,19
1265,Standard,126,19
1266,Standard,127,19
1267,Standard,128,19
1268,Standard,129,19
1269,Standard,130,19
1270,Standard,131,19
1271,Standard,132,19
1272,Standard,133,19
1273,Standard,134,19
1274,Standard,135,19
1275,Standard,136,19
1276,Standard,137,19
1277,Standard,138,19
1278,Standard,139,19
1279,Standard,140,19
1280,Standard,141,19
1281,Standard,142,19
1282,Standard,143,19
1283,Standard,144,19
1284,Standard,145,19
1285,Standard,146,19
1286,Standard,147,19
1287,Standard,148,19
1288,Standard,149,19
1289,Standard,150,19
1290,Standard,151,19
1291,Standard,152,19
1292,Standard,153,19
1293,Standard,154,19
1294,Standard,155,19
1295,Standard,156,19
1296,Standard,157,19
1297,Standard,158,19
1298,Standard,159,19
1299,Standard,160,19
1300,Standard,161,19
1301,Standard,162,19
1302,Standard,163,19
1303,Standard,164,19
1304,Standard,165,19
1305,Standard,166,19
1306,Standard,167,19
1307,Standard,168,19
1308,Standard,169,19
1309,Standard,170,19
1310,Standard,171,19
1311,Standard,172,19
1312,Standard,173,19
1313,Standard,174,19
1314,Standard,175,19
1315,Standard,176,19
1316,Standard,177,19
1317,Standard,178,19
1318,Standard,179,19
1319,Standard,180,19
1320,Standard,181,19
1321,Standard,182,19
1322,Standard,183,19
1323,Standard,184,19
1324,Standard,185,19
1325,Standard,186,19
1326,Standard,187,19
1327,Standard,188,19
1328,Standard,189,19
1329,Standard,190,19
1330,Standard,191,19
1331,Standard,192,19
1332,Standard,193,19
1333,Standard,194,19
1334,Standard,195,19
1335,Standard,196,19
1336,Standard,197,19
1337,Standard,198,19
1338,Standard,199,19
1339,Standard,200,19
1340,Standard,1,20
1341,Standard,2,20
1342,Standard,3,20
1343,Standard,4,20
1344,Standard,5,20
1345,Standard,6,20
1346,Standard,7,20
1347,Standard,8,20
1348,Standard,9,20
1349,Standard,10,20
1350,Standard,11,20
1351,Standard,12,20
1352,Standard,13,20
1353,Standard,14,20
1354,Standard,15,20
1355,Standard,16,20
1356,Standard,17,20
1357,Standard,18,20
1358,Standard,19,20
1359,Standard,20,20
1360,Standard,21,20
1361,Standard,22,20
1362,Standard,23,20
1363,Standard,24,20
1364,Standard,25,20
1365,Standard,26,20
1366,Standard,27,20
1367,Standard,28,20
1368,Standard,29,20
1369,Standard,30,20
1370,Standard,31,20
1371,Standard,32,20
1372,Standard,33,20
1373,Standard,34,20
1374,Standard,35,20
1375,Standard,36,20
1376,Standard,37,20
1377,Standard,38,20
1378,Standard,39,20
1379,Standard,40,20
1380,Standard,41,20
1381,Standard,42,20
1382,Standard,43,20
1383,Standard,44,20
1384,Standard,45,20
1385,Standard,46,20
1386,Standard,47,20
1387,Standard,48,20
1388,Standard,49,20
1389,Standard,50,20
1390,Standard,51,20
1391,Standard,52,20
1392,Standard,53,20
1393,Standard,54,20
1394,Standard,55,20
1395,Standard,56,20
1396,Standard,57,20
1397,Standard,58,20
1398,Standard,59,20
1399,Standard,60,20
1400,Standard,61,20
1401,Standard,62,20
1402,Standard,63,20
1403,Standard,64,20
1404,Standard,65,20
1405,Standard,66,20
1406,Standard,67,20
1407,Standard,68,20
1408,Standard,69,20
1409,Standard,70,20
1410,Standard,71,20
1411,Standard,72,20
1412,Standard,73,20
1413,Standard,74,20
1414,Standard,75,20
1415,Standard,76,20
1416,Standard,77,20
1417,Standard,78,20
1418,Standard,79,20
1419,Standard,80,20
1420,Standard,81,20
1421,Standard,82,20
1422,Standard,83,20
1423,Standard,84,20
1424,Standard,85,20
1425,Standard,86,20
1426,Standard,87,20
1427,Standard,88,20
1428,Standard,89,20
1429,Standard,90,20
1430,Standard,91,20
1431,Standard,92,20
1432,Standard,93,20
1433,Standard,94,20
1434,Standard,95,20
1435,Standard,96,20
1436,Standard,97,20
1437,Standard,98,20
1438,Standard,99,20
1439,Standard,100,20
1440,Standard,101,20
1441,Standard,102,20
1442,Standard,103,20
1443,Standard,104,20
1444,Standard,105,20
1445,Standard,106,20
1446,Standard,107,20
1447,Standard,108,20
1448,Standard,109,20
1449,Standard,110,20
1450,Standard,111,20
1451,Standard,112,20
1452,Standard,113,20
1453,Standard,114,20
1454,Standard,115,20
1455,Standard,116,20
1456,Standard,117,20
1457,Standard,118,20
1458,Standard,119,20
1459,Standard,120,20
1460,Standard,121,20
1461,Standard,122,20
1462,Standard,123,20
1463,Standard,124,20
1464,Standard,125,20
1465,Standard,126,20
1466,Standard,127,20
1467,Standard,128,20
1468,Standard,129,20
1469,Standard,130,20
1470,Standard,131,20
1471,Standard,132,20
1472,Standard,133,20
1473,Standard,134,20
1474,Standard,135,20
1475,Standard,136,20
1476,Standard,137,20
1477,Standard,138,20
1478,Standard,139,20
1479,Standard,140,20
1480,Standard,141,20
1481,Standard,142,20
1482,Standard,143,20
1483,Standard,144,20
1484,Standard,145,20
1485,Standard,146,20
1486,Standard,147,20
1487,Standard,148,20
1488,Standard,149,20
1489,Standard,150,20
1490,Standard,151,20
1491,Standard,152,20
1492,Standard,153,20
1493,Standard,154,20
1494,Standard,155,20
1495,Standard,156,20
1496,Standard,157,20
1497,Standard,158,20
1498,Standard,159,20
1499,Standard,160,20
1500,Standard,161,20
1501,Standard,162,20
1502,Standard,163,20
1503,Standard,164,20
1504,Standard,165,20
1505,Standard,166,20
1506,Standard,167,20
1507,Standard,168,20
1508,Standard,169,20
1509,Standard,170,20
1510,Standard,171,20
1511,Standard,172,20
1512,Standard,173,20
1513,Standard,174,20
1514,Standard,175,20
1515,Standard,176,20
1516,Standard,177,20
1517,Standard,178,20
1518,Standard,179,20
1519,Standard,180,20
1520,Standard,181,20
1521,Standard,182,20
1522,Standard,183,20
1523,Standard,184,20
1524,Standard,185,20
1525,Standard,186,20
1526,Standard,187,20
1527,Standard,188,20
1528,Standard,189,20
1529,Standard,190,20
1530,Standard,191,20
1531,Standard,192,20
1532,Standard,193,20
1533,Standard,194,20
1534,Standard,195,20
1535,Standard,196,20
1536,Standard,197,20
1537,Standard,198,20
1538,Standard,199,20
1539,Standard,200,20
1540,Standard,1,21
1541,Standard,2,21
1542,Standard,3,21
1543,Standard,4,21
1544,Standard,5,21
1545,Standard,6,21
1546,Standard,7,21
1547,Standard,8,21
1548,Standard,9,21
1549,Standard,10,21
1550,Standard,11,21
1551,Standard,12,21
1552,Standard,13,21
1553,Standard,14,21
1554,Standard,15,21
1555,Standard,16,21
1556,Standard,17,21
1557,Standard,18,21
1558,Standard,19,21
1559,Standard,20,21
1560,Standard,21,21
1561,Standard,22,21
1562,Standard,23,21
1563,Standard,24,21
1564,Standard,25,21
1565,Standard,26,21
1566,Standard,27,21
1567,Standard,28,21
1568,Standard,29,21
1569,Standard,30,21
1570,Standard,31,21
1571,Standard,32,21
1572,Standard,33,21
1573,Standard,34,21
1574,Standard,35,21
1575,Standard,36,21
1576,Standard,37,21
1577,Standard,38,21
1578,Standard,39,21
1579,Standard,40,21
1580,Standard,41,21
1581,Standard,42,21
1582,Standard,43,21
1583,Standard,44,21
1584,Standard,45,21
1585,Standard,46,21
1586,Standard,47,21
1587,Standard,48,21
1588,Standard,49,21
1589,Standard,50,21
1590,Standard,51,21
1591,Standard,52,21
1592,Standard,53,21
1593,Standard,54,21
1594,Standard,55,21
1595,Standard,56,21
1596,Standard,57,21
1597,Standard,58,21
1598,Standard,59,21
1599,Standard,60,21
1600,Standard,61,21
1601,Standard,62,21
1602,Standard,63,21
1603,Standard,64,21
1604,Standard,65,21
1605,Standard,66,21
1606,Standard,67,21
1607,Standard,68,21
1608,Standard,69,21
1609,Standard,70,21
1610,Standard,71,21
1611,Standard,72,21
1612,Standard,73,21
1613,Standard,74,21
1614,Standard,75,21
1615,Standard,76,21
1616,Standard,77,21
1617,Standard,78,21
1618,Standard,79,21
1619,Standard,80,21
1620,Standard,81,21
1621,Standard,82,21
1622,Standard,83,21
1623,Standard,84,21
1624,Standard,85,21
1625,Standard,86,21
1626,Standard,87,21
1627,Standard,88,21
1628,Standard,89,21
1629,Standard,90,21
1630,Standard,91,21
1631,Standard,92,21
1632,Standard,93,21
1633,Standard,94,21
1634,Standard,95,21
1635,Standard,96,21
1636,Standard,97,21
1637,Standard,98,21
1638,Standard,99,21
1639,Standard,100,21
1640,Standard,101,21
1641,Standard,102,21
1642,Standard,103,21
1643,Standard,104,21
1644,Standard,105,21
1645,Standard,106,21
1646,Standard,106,21
1647,Standard,108,21
1648,Standard,109,21
1649,Standard,110,21
1650,Standard,111,21
1651,Standard,112,21
1652,Standard,113,21
1653,Standard,114,21
1654,Standard,115,21
1655,Standard,116,21
1656,Standard,117,21
1657,Standard,118,21
1658,Standard,119,21
1659,Standard,120,21
1660,Standard,121,21
1661,Standard,122,21
1662,Standard,123,21
1663,Standard,124,21
1664,Standard,125,21
1665,Standard,126,21
1666,Standard,127,21
1667,Standard,128,21
1668,Standard,129,21
1669,Standard,130,21
1670,Standard,131,21
1671,Standard,132,21
1672,Standard,133,21
1673,Standard,134,21
1674,Standard,135,21
1675,Standard,136,21
1676,Standard,137,21
1677,Standard,138,21
1678,Standard,139,21
1679,Standard,140,21
1680,Standard,141,21
1681,Standard,142,21
1682,Standard,143,21
1683,Standard,144,21
1684,Standard,145,21
1685,Standard,146,21
1686,Standard,147,21
1687,Standard,148,21
1688,Standard,149,21
1689,Standard,150,21
1690,Standard,151,21
1691,Standard,152,21
1692,Standard,153,21
1693,Standard,154,21
1694,Standard,155,21
1695,Standard,156,21
1696,Standard,157,21
1697,Standard,158,21
1698,Standard,159,21
1699,Standard,160,21
1700,Standard,161,21
1701,Standard,162,21
1702,Standard,163,21
1703,Standard,164,21
1704,Standard,165,21
1705,Standard,166,21
1706,Standard,167,21
1707,Standard,168,21
1708,Standard,169,21
1709,Standard,170,21
1710,Standard,171,21
1711,Standard,172,21
1712,Standard,173,21
1713,Standard,174,21
1714,Standard,175,21
1715,Standard,1,22
1716,Standard,2,22
1717,Standard,3,22
1718,Standard,4,22
1719,Standard,5,22
1720,Standard,6,22
1721,Standard,7,22
1722,Standard,8,22
1723,Standard,9,22
1724,Standard,10,22
1725,Standard,11,22
1726,Standard,12,22
1727,Standard,13,22
1728,Standard,14,22
1729,Standard,15,22
1730,Standard,16,22
1731,Standard,17,22
1732,Standard,18,22
1733,Standard,19,22
1734,Standard,20,22
1735,Standard,21,22
1736,Standard,22,22
1737,Standard,23,22
1738,Standard,24,22
1739,Standard,25,22
1740,Standard,26,22
1741,Standard,27,22
1742,Standard,28,22
1743,Standard,29,22
1744,Standard,30,22
1745,Standard,31,22
1746,Standard,32,22
1747,Standard,33,22
1748,Standard,34,22
1749,Standard,35,22
1750,Standard,36,22
1751,Standard,37,22
1752,Standard,38,22
1753,Standard,39,22
1754,Standard,40,22
1755,Standard,41,22
1756,Standard,42,22
1757,Standard,43,22
1758,Standard,44,22
1759,Standard,45,22
1760,Standard,46,22
1761,Standard,47,22
1762,Standard,48,22
1763,Standard,49,22
1764,Standard,50,22
1765,Standard,51,22
1766,Standard,52,22
1767,Standard,53,22
1768,Standard,54,22
1769,Standard,55,22
1770,Standard,56,22
1771,Standard,57,22
1772,Standard,58,22
1773,Standard,59,22
1774,Standard,60,22
1775,Standard,61,22
1776,Standard,62,22
1777,Standard,63,22
1778,Standard,64,22
1779,Standard,65,22
1780,Standard,66,22
1781,Standard,67,22
1782,Standard,68,22
1783,Standard,69,22
1784,Standard,70,22
1785,Standard,71,22
1786,Standard,72,22
1787,Standard,73,22
1788,Standard,74,22
1789,Standard,75,22
1790,Standard,76,22
1791,Standard,77,22
1792,Standard,78,22
1793,Standard,79,22
1794,Standard,80,22
1795,Standard,81,22
1796,Standard,82,22
1797,Standard,83,22
1798,Standard,84,22
1799,Standard,85,22
1800,Standard,86,22
1801,Standard,87,22
1802,Standard,88,22
1803,Standard,89,22
1804,Standard,90,22
1805,Standard,91,22
1806,Standard,92,22
1807,Standard,93,22
1808,Standard,94,22
1809,Standard,95,22
1810,Standard,96,22
1811,Standard,97,22
1812,Standard,98,22
1813,Standard,99,22
1814,Standard,100,22
1815,Standard,101,22
1816,Standard,102,22
1817,Standard,103,22
1818,Standard,104,22
1819,Standard,105,22
1820,Standard,106,22
1821,Standard,109,22
1822,Standard,110,22
1823,Standard,111,22
1824,Standard,112,22
1825,Standard,113,22
1826,Standard,114,22
1827,Standard,115,22
1828,Standard,116,22
1829,Standard,117,22
1830,Standard,118,22
1831,Standard,119,22
1832,Standard,120,22
1833,Standard,121,22
1834,Standard,122,22
1835,Standard,123,22
1836,Standard,124,22
1837,Standard,125,22
1838,Standard,126,22
1839,Standard,127,22
1840,Standard,128,22
1841,Standard,129,22
1842,Standard,130,22
1843,Standard,131,22
1844,Standard,132,22
1845,Standard,133,22
1846,Standard,134,22
1847,Standard,135,22
1848,Standard,136,22
1849,Standard,137,22
1850,Standard,138,22
1851,Standard,139,22
1852,Standard,140,22
1853,Standard,141,22
1854,Standard,142,22
1855,Standard,143,22
1856,Standard,144,22
1857,Standard,145,22
1858,Standard,146,22
1859,Standard,147,22
1860,Standard,148,22
1861,Standard,149,22
1862,Standard,150,22
1863,Standard,151,22
1864,Standard,152,22
1865,Standard,153,22
1866,Standard,154,22
1867,Standard,155,22
1868,Standard,156,22
1869,Standard,157,22
1870,Standard,158,22
1871,Standard,159,22
1872,Standard,160,22
1873,Standard,161,22
1874,Standard,162,22
1875,Standard,163,22
1876,Standard,164,22
1877,Standard,165,22
1878,Standard,166,22
1879,Standard,1,23
1880,Standard,2,23
1881,Standard,3,23
1882,Standard,4,23
1883,Standard,5,23
1884,Standard,6,23
1885,Standard,7,23
1886,Standard,8,23
1887,Standard,9,23
1888,Standard,10,23
1889,Standard,11,23
1890,Standard,12,23
1891,Standard,13,23
1892,Standard,14,23
1893,Standard,15,23
1894,Standard,17,23
1895,Standard,16,23
1896,Standard,18,23
1897,Standard,19,23
1898,Standard,20,23
1899,Standard,21,23
1900,Standard,22,23
1901,Standard,23,23
1902,Standard,24,23
1903,Standard,25,23
1904,Standard,26,23
1905,Standard,27,23
1906,Standard,28,23
1907,Standard,29,23
1908,Standard,30,23
1909,Standard,31,23
1910,Standard,32,23
1911,Standard,33,23
1912,Standard,34,23
1913,Standard,35,23
1914,Standard,36,23
1915,Standard,37,23
1916,Standard,38,23
1917,Standard,39,23
1918,Standard,40,23
1919,Standard,41,23
1920,Standard,42,23
1921,Standard,43,23
1922,Standard,44,23
1923,Standard,45,23
1924,Standard,46,23
1925,Standard,47,23
1926,Standard,48,23
1927,Standard,49,23
1928,Standard,50,23
1929,Standard,51,23
1930,Standard,52,23
1931,Standard,53,23
1932,Standard,54,23
1933,Standard,55,23
1934,Standard,56,23
1935,Standard,57,23
1936,Standard,58,23
1937,Standard,59,23
1938,Standard,60,23
1939,Standard,61,23
1940,Standard,62,23
1941,Standard,63,23
1942,Standard,64,23
1943,Standard,65,23
1944,Standard,66,23
1945,Standard,67,23
1946,Standard,68,23
1947,Standard,69,23
1948,Standard,70,23
1949,Standard,71,23
1950,Standard,72,23
1951,Standard,73,23
1952,Standard,74,23
1953,Standard,75,23
1954,Standard,76,23
1955,Standard,77,23
1956,Standard,78,23
1957,Standard,79,23
1958,Standard,80,23
1959,Standard,81,23
1960,Standard,82,23
1961,Standard,83,23
1962,Standard,84,23
1963,Standard,85,23
1964,Standard,86,23
1965,Standard,87,23
1966,Standard,88,23
1967,Standard,89,23
1968,Standard,90,23
1969,Standard,91,23
1970,Standard,92,23
1971,Standard,93,23
1972,Standard,94,23
1973,Standard,95,23
1974,Standard,96,23
1975,Standard,97,23
1976,Standard,98,23
1977,Standard,99,23
1978,Standard,100,23
1979,Standard,101,23
1980,Standard,102,23
1981,Standard,103,23
1982,Standard,104,23
1983,Standard,105,23
1984,Standard,106,23
1985,Standard,107,23
1986,Standard,108,23
1987,Standard,109,23
1988,Standard,110,23
1989,Standard,111,23
1990,Standard,112,23
1991,Standard,113,23
1992,Standard,114,23
1993,Standard,115,23
1994,Standard,116,23
1995,Standard,117,23
1996,Standard,118,23
1997,Standard,119,23
1998,Standard,120,23
1999,Standard,121,23
2000,Standard,122,23
2001,Standard,123,23
2002,Standard,124,23
2003,Standard,125,23
2004,Standard,126,23
2005,Standard,127,23
2006,Standard,128,23
2007,Standard,129,23
2008,Standard,130,23
2009,Standard,131,23
2010,Standard,132,23
2011,Standard,133,23
2012,Standard,134,23
2013,Standard,135,23
2014,Standard,136,23
2015,Standard,137,23
2016,Standard,138,23
2017,Standard,139,23
2018,Standard,140,23
2019,Standard,141,23
2020,Standard,142,23
2021,Standard,143,23
2022,Standard,144,23
2023,Standard,145,23
2024,Standard,146,23
2025,Standard,147,23
2026,Standard,148,23
2027,Standard,149,23
2028,Standard,150,23
2029,Standard,151,23
2030,Standard,152,23
2031,Standard,153,23
2032,Standard,154,23
2033,Standard,155,23
2034,Standard,156,23
2035,Standard,157,23
2036,Standard,158,23
2037,Standard,159,23
2038,Standard,160,23
2039,Standard,161,23
2040,Standard,162,23
2041,Standard,163,23
2042,Standard,164,23
2043,Standard,165,23
2044,Standard,166,23
2045,Standard,167,23
2046,Standard,168,23
2047,Standard,169,23
2048,Standard,170,23
2049,Standard,171,23
2050,Standard,172,23
2051,Standard,173,23
2052,Standard,174,23
2053,Standard,175,23
2054,Standard,176,23
2055,Standard,177,23
2056,Standard,178,23
2057,Standard,179,23
2058,Standard,180,23
2059,Standard,1,24
2060,Standard,2,24
2061,Standard,3,24
2062,Standard,4,24
2063,Standard,5,24
2064,Standard,6,24
2065,Standard,7,24
2066,Standard,8,24
2067,Standard,9,24
2068,Standard,10,24
2069,Standard,11,24
2070,Standard,12,24
2071,Standard,13,24
2072,Standard,14,24
2073,Standard,15,24
2074,Standard,16,24
2075,Standard,17,24
2076,Standard,18,24
2077,Standard,19,24
2078,Standard,20,24
2079,Standard,21,24
2080,Standard,22,24
2081,Standard,23,24
2082,Standard,24,24
2083,Standard,25,24
2084,Standard,26,24
2085,Standard,27,24
2086,Standard,28,24
2087,Standard,29,24
2088,Standard,32,24
2089,Standard,33,24
2090,Standard,34,24
2091,Standard,35,24
2092,Standard,36,24
2093,Standard,37,24
2094,Standard,38,24
2095,Standard,39,24
2096,Standard,40,24
2097,Standard,41,24
2098,Standard,42,24
2099,Standard,43,24
2100,Standard,44,24
2101,Standard,45,24
2102,Standard,46,24
2103,Standard,47,24
2104,Standard,48,24
2105,Standard,49,24
2106,Standard,50,24
2107,Standard,51,24
2108,Standard,52,24
2109,Standard,53,24
2110,Standard,54,24
2111,Standard,55,24
2112,Standard,56,24
2113,Standard,57,24
2114,Standard,58,24
2115,Standard,59,24
2116,Standard,60,24
2117,Standard,61,24
2118,Standard,62,24
2119,Standard,63,24
2120,Standard,64,24
2121,Standard,65,24
2122,Standard,66,24
2123,Standard,67,24
2124,Standard,68,24
2125,Standard,69,24
2126,Standard,70,24
2127,Standard,71,24
2128,Standard,72,24
2129,Standard,73,24
2130,Standard,74,24
2131,Standard,75,24
2132,Standard,76,24
2133,Standard,77,24
2134,Standard,78,24
2135,Standard,79,24
2136,Standard,80,24
