"PostID","PostTitle","PostVersion"
1,"“Family Feud” 1/18","Standard"
2,"“Family Feud” 1/19","Standard"
3,"“Family Feud” 1/20/16","Standard"
4,"“Family Feud” 1/21","Standard"
5,"“Family Feud” 1/25/16","Standard"
6,"“Family Feud” 1/26/16","Standard"
7,"“Family Feud” 1/27/16","Standard"
8,"“Family Feud” 1/28/16","Standard"
9,"“Family Feud” 1/29/16","Standard"
10,"“Family Feud” 2/1/16","Standard"
11,"“Family Feud” 2/2/16","Standard"
12,"“Family Feud” 2/3/16","Standard"
13,"“Family Feud” 2/4/16","Standard"
14,"“Family Feud” 2/5/16","Standard"
15,"“Family Feud” 2/8/16","Standard"
16,"“Family Feud” 2/9/16","Standard"
17,"“Family Feud” 2/10/16","Standard"
18,"“Family Feud” 2/11/16","Standard"
19,"“Family Feud” 2/12/16","Standard"
20,"“Family Feud” 2/15/16","Standard"
21,"“Family Feud” 2/16/16","Standard"
22,"“Family Feud” 2/17/16","Standard"
23,"“Family Feud” 2/18/16","Standard"
24,"“Family Feud” 2/19/16","Standard"
25,"“Family Feud” 2/22/16","Standard"
26,"“Family Feud” 2/23/16","Standard"
27,"“Family Feud” 2/24/16","Standard"
28,"“Family Feud”- SPRING ’16 PREMIERE","Standard"
29,"“Family Feud” 4/19/16","Standard"
30,"“Family Feud” 4/20/16","Standard"
31,"“Family Feud” 4/21/16","Standard"
32,"“Family Feud” 4/25/16","Standard"
33,"“Family Feud” 4/26/16","Standard"
34,"“Family Feud” 4/27/16","Standard"
35,"“Family Feud” 4/28/16","Standard"
36,"“Family Feud” 4/29/16","Standard"
37,"“Family Feud” 5/2/16","Standard"
38,"“Family Feud” 5/3/16","Standard"
39,"“Family Feud” 5/4/16","Standard"
40,"“Family Feud” 5/5/16","Standard"
41,"“Family Feud” 5/6/16","Standard"
42,"“Family Feud” 5/9/16","Standard"
43,"“Family Feud” 5/10/16","Standard"
44,"“Family Feud” 5/11/16","Standard"
45,"“Family Feud” 5/12/16","Standard"
46,"“Family Feud” 5/13/16","Standard"
47,"“Family Feud” 5/16/16","Standard"
48,"“Family Feud” 5/17/16","Standard"
49,"“Family Feud” 5/18/16","Standard"
50,"“Family Feud” 5/19/16","Standard"
51,"“Family Feud” 5/20/16","Standard"
52,"“Family Feud” 5/23/16","Standard"
53,"“Family Feud” 5/24/16","Standard"
54,"“Family Feud” 5/25/16","Standard"
55,"“Family Feud”- S.F.","Standard"
56,"“Celebrity Family Feud”- 2ND S.P.","Celebrity"
57,"“Celebrity Family Feud” 7/3","Celebrity"
58,"“Celebrity Family Feud” 7/10","Celebrity"
59,"“Celebrity Family Feud” 7/17","Celebrity"
60,"“Celebrity Family Feud” 7/24","Celebrity"
61,"“Celebrity Family Feud” 7/31","Celebrity"
62,"“Celebrity Family Feud” 8/14","Celebrity"
63,"“Celebrity Family Feud” 8/21","Celebrity"
64,"“Celebrity Family Feud” 8/28","Celebrity"
65,"“Celebrity Family Feud”- S.F.","Celebrity"
66,"“Family Feud”- S.P.","Standard"
67,"“Family Feud” 9/13/16","Standard"
68,"“Family Feud” 9/14/16","Standard"
69,"“Family Feud” 9/15/16","Standard"
70,"“Family Feud” 9/16/16","Standard"
71,"“Family Feud” 9/19/16","Standard"
72,"“Family Feud” 9/20/16","Standard"
73,"“Family Feud” 9/21/16","Standard"
74,"“Family Feud” 9/22/16","Standard"
75,"“Family Feud” 9/23/16","Standard"
76,"“Family Feud” 9/26/16","Standard"
77,"“Family Feud” 9/27/16","Standard"
78,"“Family Feud” 9/28/16","Standard"
79,"“Family Feud” 9/29/16","Standard"
80,"“Family Feud” 10/3/16","Standard"
81,"“Family Feud” 10/4/16","Standard"
82,"“Family Feud” 10/5/16","Standard"
83,"“Family Feud” 10/6/16","Standard"
84,"“Family Feud” 10/10/16","Standard"
85,"“Family Feud” 10/11/16","Standard"
86,"“Family Feud” 10/12/16","Standard"
87,"“Family Feud” 10/13/16","Standard"
88,"“Family Feud” 10/17/16","Standard"
89,"“Family Feud” 10/18/16","Standard"
90,"“Family Feud” 10/19/16","Standard"
91,"“Family Feud” 10/20/16","Standard"
92,"“Family Feud” 10/24/16","Standard"
93,"“Family Feud” 10/25/16","Standard"
94,"“Family Feud” 10/26/16","Standard"
95,"“Family Feud” 10/27/16","Standard"
96,"“Family Feud” 10/28/16","Standard"
97,"“Family Feud” 10/31/16","Standard"
98,"“Family Feud” 11/1/16","Standard"
99,"“Family Feud” 11/2/16","Standard"
100,"“Family Feud” 11/3/16","Standard"
101,"“Family Feud” 11/4/16","Standard"
102,"“Family Feud” 11/7/16","Standard"
103,"“Family Feud” 11/8/16","Standard"
104,"“Family Feud” 11/9/16","Standard"
105,"“Family Feud” 11/10/16","Standard"
106,"“Family Feud” 11/11/16","Standard"
107,"“Family Feud” 11/14/16","Standard"
108,"“Family Feud” 11/15/16","Standard"
109,"“Family Feud” 11/16/16","Standard"
110,"“Family Feud” 11/17/16","Standard"
111,"“Family Feud” 11/18/16","Standard"
112,"“Family Feud” 11/21/16","Standard"
113,"“Family Feud” 11/22/16","Standard"
114,"“Family Feud”- FINAL EPS. OF ’16","Standard"
115,"“Family Feud” 1/16/17","Standard"
116,"“Family Feud” 1/17/17","Standard"
117,"“Family Feud” 1/18/17","Standard"
118,"“Family Feud” 1/19/17","Standard"
119,"“Family Feud” 1/23/17- CAR GAME DOUBLEHEADER","Standard"
120,"“Family Feud” 1/24/17","Standard"
121,"“Family Feud” 1/25/17","Standard"
122,"“Family Feud” 1/26/17","Standard"
123,"“Family Feud” 1/27/17","Standard"
124,"“Family Feud” 1/30/17","Standard"
125,"“Family Feud” 1/31/17","Standard"
126,"“Family Feud” 2/1/17","Standard"
127,"“Family Feud” 2/2/17","Standard"
128,"“Family Feud” 2/3/17","Standard"
129,"“Family Feud” 2/6/17","Standard"
130,"“Family Feud” 2/7/17","Standard"
131,"“Family Feud” 2/8/17","Standard"
132,"“Family Feud” 2/9/17","Standard"
133,"“Family Feud” 2/10/17","Standard"
134,"“Family Feud” 2/13/17","Standard"
135,"“Family Feud” 2/14/17","Standard"
136,"“Family Feud” 2/15/17","Standard"
137,"“Family Feud” 2/16/17","Standard"
138,"“Family Feud” 2/17/17","Standard"
139,"“Family Feud” 2/20/17","Standard"
140,"“Family Feud” 2/21/17","Standard"
141,"“Family Feud”- WINTER ’17 FINALE","Standard"
142,"“Family Feud” 11/23/11","Standard"
143,"“Family Feud” 11/25/11","Standard"
144,"“Family Feud” 5/2/12","Standard"
145,"“Family Feud” 5/3/12","Standard"
146,"“Family Feud”- AIRED ON THANKSGIVING DAY ’12","Standard"
147,"“Family Feud”- LAST AIRED EP. OF ’12","Standard"
148,"“Family Feud” 2/21/13 Nightcap","Standard"
149,"“Family Feud” 2/22/13 Nightcap","Standard"
150,"“Family Feud” 2/25/13","Standard"
151,"“Family Feud” 2/26/13","Standard"
152,"“Family Feud” 2/8/13 Nightcap","Standard"
153,"“Family Feud” 9/11/12","Standard"
154,"“Family Feud” 2/11/13 Nightcap","Standard"
155,"“Family Feud” 1/28/13","Standard"
156,"“Family Feud” 1/29/13","Standard"
157,"“Family Feud” 1/30/13","Standard"
158,"“Family Feud” 5/4/12","Standard"
159,"“Family Feud” 5/7/12","Standard"
160,"“Family Feud” 5/8/12","Standard"
161,"“Family Feud” 5/9/12","Standard"
162,"“Family Feud” 5/10/12","Standard"
163,"“Family Feud” 5/11/12","Standard"
164,"“Family Feud” 2/22/12","Standard"
165,"“Family Feud” 2/23/12","Standard"
166,"“Family Feud” 2/24/12","Standard"
167,"“Family Feud” 2/27/12","Standard"
168,"“Family Feud” 11/18/11 Nightcap","Standard"
169,"“Family Feud” 2/20/12 Nightcap","Standard"
170,"“Family Feud” 4/23/13","Standard"
171,"“Family Feud” 4/24/13","Standard"
172,"“Family Feud” 4/25/13","Standard"
173,"“Family Feud” 4/26/13","Standard"
174,"“Family Feud” 4/29/13","Standard"
175,"“Family Feud” 4/30/13","Standard"
176,"“Family Feud” 5/1/13","Standard"
177,"“Family Feud” 5/2/13","Standard"
178,"“Family Feud” 9/19/12","Standard"
179,"“Family Feud” 9/20/12","Standard"
180,"“Family Feud” 9/21/12","Standard"
181,"“Family Feud” 9/24/12","Standard"
182,"“Family Feud” 5/3/13","Standard"
183,"“Family Feud” 5/6/13","Standard"
184,"“Family Feud” 5/7/13","Standard"
185,"“Family Feud” 2/28/12","Standard"
186,"“Family Feud” 2/27/12 Nightcap","Standard"
187,"“Family Feud” 11/12/12","Standard"
188,"“Family Feud” 2/28/12 Nightcap","Standard"
189,"“Family Feud” 3/1/12","Standard"
190,"“Family Feud” 10/10/11","Standard"
191,"“Family Feud” 10/11/11","Standard"
192,"“Family Feud” 11/13/12","Standard"
193,"“Family Feud” 11/14/12","Standard"
194,"“Family Feud” 11/15/12","Standard"
195,"“Family Feud” 11/16/12","Standard"
196,"“Family Feud” 3/2/12","Standard"
197,"“Family Feud” 3/3/12","Standard"
198,"“Family Feud” 5/14/12","Standard"
199,"“Family Feud” 5/15/12","Standard"
200,"“Family Feud” 10/12/11","Standard"
201,"“Family Feud”- STEVE’S FIRST TWO AIRED EPS.","Standard"
202,"“Family Feud” 10/13/11","Standard"
203,"“Family Feud” 5/16/12","Standard"
204,"“Family Feud” 5/17/12","Standard"
205,"“Family Feud” 10/14/11","Standard"
206,"“Family Feud” 5/18/12","Standard"
207,"“Family Feud”- 16TH S.P. DAY","Standard"
208,"“Family Feud” 9/16/14","Standard"
209,"“Family Feud” 5/8/13","Standard"
210,"“Family Feud” 5/9/13","Standard"
211,"“Family Feud” 5/10/13","Standard"
212,"“Family Feud” 5/15/13","Standard"
213,"“Family Feud” 5/16/13","Standard"
214,"“Family Feud” 5/17/13","Standard"
215,"“Family Feud” 5/20/13","Standard"
216,"“Family Feud” 9/14/10","Standard"
217,"“Family Feud” 5/21/13","Standard"
218,"“Family Feud” 5/22/13","Standard"
219,"“Family Feud” 2/7/11","Standard"
220,"“Family Feud” 2/8/11","Standard"
221,"“Family Feud” 2/4/13","Standard"
222,"“Family Feud” 2/5/13","Standard"
223,"“Family Feud” 2/24/11","Standard"
224,"“Family Feud” 2/25/11","Standard"
225,"“Family Feud” 4/25/11","Standard"
226,"“Family Feud” 2/6/13","Standard"
227,"“Family Feud” 2/9/11","Standard"
228,"“Family Feud” 2/10/11","Standard"
229,"“Family Feud” 2/11/11","Standard"
230,"“Family Feud” 5/16/11","Standard"
231,"“Family Feud” 2/7/13","Standard"
232,"“Family Feud” 4/28/11","Standard"
233,"“Family Feud” 4/29/11","Standard"
234,"“Family Feud” 9/28/12","Standard"
235,"“Family Feud” 10/1/12","Standard"
236,"“Family Feud” 10/2/12","Standard"
237,"“Family Feud” 10/3/12","Standard"
238,"“Family Feud” 5/17/11","Standard"
239,"“Family Feud” 5/18/11","Standard"
240,"“Family Feud” 5/23/13","Standard"
241,"“Family Feud”- 14TH S.F.","Standard"
242,"“Family Feud” 5/19/11","Standard"
243,"“Family Feud” 5/20/11","Standard"
244,"“Family Feud” 10/11/10","Standard"
245,"“Family Feud” 10/12/10","Standard"
246,"“Family Feud” 3/3/11","Standard"
247,"“Family Feud” 4/27/11","Standard"
248,"“Family Feud” 2/15/13","Standard"
249,"“Family Feud” 2/18/13","Standard"
250,"“Family Feud” 2/19/13","Standard"
251,"“Family Feud” 2/20/13","Standard"
252,"“Family Feud”- 14TH S.P. DAY","Standard"
253,"“Family Feud” 9/12/12","Standard"
254,"“Family Feud” 9/13/12","Standard"
255,"“Family Feud” 10/19/12","Standard"
256,"“Family Feud” 10/9/12","Standard"
257,"“Family Feud” 10/10/12","Standard"
258,"“Family Feud” 10/11/12","Standard"
259,"“Family Feud” 10/12/12","Standard"
260,"“Family Feud” 10/15/12","Standard"
261,"“Family Feud” 10/16/12","Standard"
262,"“Family Feud” 10/17/12","Standard"
263,"“Family Feud” 2/28/11","Standard"
264,"“Family Feud” 3/1/11","Standard"
265,"“Family Feud” 10/13/10","Standard"
266,"“Family Feud” 2/15/11","Standard"
267,"“Family Feud” 5/1/12","Standard"
268,"“Family Feud” 10/18/12","Standard"
269,"“Family Feud” 2/16/11","Standard"
270,"“Family Feud” 2/21/11","Standard"
271,"“Family Feud” 2/22/11","Standard"
272,"“Family Feud” 2/17/11","Standard"
273,"“Family Feud” 2/23/11","Standard"
274,"“Family Feud” 10/8/10","Standard"
275,"“Family Feud” 10/14/10","Standard"
276,"“Family Feud” 10/15/10","Standard"
277,"“Family Feud” 10/18/10","Standard"
278,"“Family Feud” 10/19/10","Standard"
279,"“Family Feud” 10/20/10","Standard"
280,"“Family Feud” 10/21/10","Standard"
281,"“Family Feud” 10/22/10","Standard"
282,"“Family Feud” 9/15/10","Standard"
283,"“Family Feud” 9/16/10","Standard"
284,"“Family Feud” 10/25/10","Standard"
285,"“Family Feud” 9/14/12","Standard"
286,"“Family Feud” 9/17/12","Standard"
287,"“Family Feud” 9/18/12","Standard"
288,"“Family Feud” 9/25/12","Standard"
289,"“Family Feud” 9/26/12","Standard"
290,"“Family Feud” 9/27/12","Standard"
291,"“Family Feud” 10/30/12","Standard"
292,"“Family Feud” 10/31/12","Standard"
293,"“Family Feud” 11/1/12","Standard"
294,"“Family Feud” 11/2/12","Standard"
295,"“Family Feud” 9/17/10","Standard"
296,"“Family Feud” 9/20/10","Standard"
297,"“Family Feud” 10/26/10","Standard"
298,"“Family Feud” 10/27/10","Standard"
299,"“Family Feud” 10/28/10","Standard"
300,"“Family Feud” 9/21/10","Standard"
301,"“Family Feud” 9/22/10","Standard"
302,"“Family Feud” 10/29/10","Standard"
303,"“Family Feud” 11/15/10","Standard"
304,"“Family Feud” 9/23/10","Standard"
305,"“Family Feud” 11/16/10","Standard"
306,"“Family Feud” 11/17/10","Standard"
307,"“Family Feud” 11/18/10","Standard"
308,"“Family Feud” 11/8/10","Standard"
309,"“Family Feud” 11/9/10","Standard"
310,"“Family Feud” 11/10/10","Standard"
311,"“Family Feud” 10/4/12","Standard"
312,"“Family Feud” 10/5/12","Standard"
313,"“Family Feud” 10/8/12","Standard"
314,"“Family Feud” 2/8/13","Standard"
315,"“Family Feud” 2/11/13- FIRST-RUN REMATCH","Standard"
316,"“Family Feud” 2/12/13","Standard"
317,"“Family Feud” 2/13/13","Standard"
318,"“Family Feud” 2/14/13","Standard"
319,"“Family Feud”- 15TH S.P. DAY","Standard"
320,"“Family Feud” 9/17/13","Standard"
321,"“Family Feud” 9/18/13","Standard"
322,"“Family Feud” 4/17/17","Standard"
323,"“Family Feud” 11/11/10","Standard"
324,"“Family Feud” 11/12/10","Standard"
325,"“Family Feud” 4/18/17","Standard"
326,"“Family Feud” 11/19/10","Standard"
327,"“Family Feud” 1/9/13","Standard"
328,"“Family Feud” 4/19/17","Standard"
329,"“Family Feud” 11/1/10","Standard"
330,"“Family Feud” 5/23/11","Standard"
331,"“Family Feud” 5/24/11","Standard"
332,"“Family Feud” 5/25/11","Standard"
333,"“Family Feud” 4/20/17","Standard"
334,"“Family Feud” 5/26/11","Standard"
335,"“Family Feud”- 12TH S.F.","Standard"
336,"“Family Feud” 2/18/11","Standard"
337,"“Family Feud” 5/2/11","Standard"
338,"“Family Feud” 10/22/12","Standard"
339,"“Family Feud” 5/3/11","Standard"
340,"“Family Feud” 5/4/11","Standard"
341,"“Family Feud” 10/25/12","Standard"
342,"“Family Feud” 10/26/12","Standard"
343,"“Family Feud” 10/29/12","Standard"
344,"“Family Feud” 11/5/12","Standard"
345,"“Family Feud” 11/6/12","Standard"
346,"“Family Feud” 9/19/13","Standard"
347,"“Family Feud” 9/25/13","Standard"
348,"“Family Feud” 9/26/13","Standard"
349,"“Family Feud” 9/30/13","Standard"
350,"“Family Feud” 4/24/17","Standard"
351,"“Family Feud” 10/1/13","Standard"
352,"“Family Feud” 10/2/13","Standard"
353,"“Family Feud” 11/25/13","Standard"
354,"“Family Feud” 9/24/10","Standard"
355,"“Family Feud” 9/27/10","Standard"
356,"“Family Feud” 4/25/17","Standard"
357,"“Family Feud” 10/23/12","Standard"
358,"“Family Feud” 10/24/12","Standard"
359,"“Family Feud” 4/26/17","Standard"
360,"“Family Feud” 9/28/10","Standard"
361,"“Family Feud” 9/29/10","Standard"
362,"“Family Feud” 9/30/10","Standard"
363,"“Family Feud” 4/27/17","Standard"
364,"“Family Feud” 3/2/11","Standard"
365,"“Family Feud” 4/28/17","Standard"
366,"“Family Feud” 11/7/12","Standard"
367,"“Family Feud” 11/8/12","Standard"
368,"“Family Feud” 11/9/12","Standard"
369,"“Family Feud” 11/19/12","Standard"
370,"“Family Feud” 11/20/12","Standard"
371,"“Family Feud” 3/4/11","Standard"
372,"“Family Feud” 9/20/13","Standard"
373,"“Family Feud” 5/1/17","Standard"
374,"“Family Feud” 10/1/10","Standard"
375,"“Family Feud” 9/23/13","Standard"
376,"“Family Feud” 10/3/13","Standard"
377,"“Family Feud” 10/7/13","Standard"
378,"“Family Feud” 10/8/13","Standard"
379,"“Family Feud” 5/2/17","Standard"
380,"“Family Feud” 2/14/11","Standard"
381,"“Family Feud” 10/4/10","Standard"
382,"“Family Feud” 10/5/10","Standard"
383,"“Family Feud” 10/6/10","Standard"
384,"“Family Feud” 10/7/10","Standard"
385,"“Family Feud” 2/1/13","Standard"
386,"“Family Feud” 5/3/17","Standard"
387,"“Family Feud” 5/4/17","Standard"
388,"“Family Feud” 5/5/17","Standard"
389,"“Family Feud” 9/24/13","Standard"
390,"“Family Feud” 1/31/13","Standard"
391,"“Family Feud” 10/14/13","Standard"
392,"“Family Feud” 10/9/13","Standard"
393,"“Family Feud” 10/10/13","Standard"
394,"“Family Feud” 10/15/13","Standard"
395,"“Family Feud” 10/16/13","Standard"
396,"“Family Feud” 2/27/13","Standard"
397,"“Family Feud” 2/28/13","Standard"
398,"“Family Feud” 3/1/13","Standard"
399,"“Family Feud” 5/8/17","Standard"
400,"“Family Feud” 10/17/13","Standard"
401,"“Family Feud” 10/21/13","Standard"
402,"“Family Feud” 5/9/17","Standard"
403,"“Family Feud” 4/22/13","Standard"
404,"“Family Feud” 2/21/13","Standard"
405,"“Family Feud” 5/10/17","Standard"
406,"“Family Feud” 2/22/13","Standard"
407,"“Family Feud” 5/13/13","Standard"
408,"“Family Feud” 5/16/14","Standard"
409,"“Family Feud” 5/19/14","Standard"
410,"“Family Feud” 5/11/17","Standard"
411,"“Family Feud” 10/22/13","Standard"
412,"“Family Feud” 10/23/13","Standard"
413,"“Family Feud” 5/14/13","Standard"
414,"“Family Feud” 10/24/13","Standard"
415,"“Family Feud” 10/28/13","Standard"
416,"“Family Feud” 2/24/14","Standard"
417,"“Family Feud” 5/12/17","Standard"
418,"“Family Feud” 10/30/14","Standard"
419,"“Family Feud” 10/31/14","Standard"
420,"“Family Feud” 5/1/15","Standard"
421,"“Family Feud” 5/4/15","Standard"
422,"“Family Feud” 2/25/14","Standard"
423,"“Family Feud” 10/29/13","Standard"
424,"“Family Feud” 10/30/13","Standard"
425,"“Family Feud” 5/15/17","Standard"
426,"“Family Feud” 5/6/15","Standard"
427,"“Family Feud” 5/7/15","Standard"
428,"“Family Feud” 5/8/15","Standard"
429,"“Family Feud” 5/11/15","Standard"
430,"“Family Feud” 10/31/13","Standard"
431,"“Family Feud” 11/1/13","Standard"
432,"“Family Feud” 5/8/14","Standard"
433,"“Family Feud” 5/9/14","Standard"
434,"“Family Feud” 5/16/17","Standard"
435,"“Family Feud” 11/3/14","Standard"
436,"“Family Feud” 11/4/14","Standard"
437,"“Family Feud” 11/5/14","Standard"
438,"“Family Feud” 5/12/14","Standard"
439,"“Family Feud” 5/13/14","Standard"
440,"“Family Feud” 4/20/15","Standard"
441,"“Family Feud” 4/21/15","Standard"
442,"“Family Feud” 5/17/17","Standard"
443,"“Family Feud” 5/18/15","Standard"
444,"“Family Feud” 5/14/14","Standard"
445,"“Family Feud” 5/15/14","Standard"
446,"“Family Feud” 11/6/14","Standard"
447,"“Family Feud” 11/7/14","Standard"
448,"“Family Feud” 4/22/15","Standard"
449,"“Family Feud” 4/23/15","Standard"
450,"“Family Feud” 5/18/17","Standard"
451,"“Family Feud” 4/24/15","Standard"
452,"“Family Feud” 11/10/14","Standard"
453,"“Family Feud” 5/19/15","Standard"
454,"“Family Feud” 5/13/15","Standard"
455,"“Family Feud” 5/19/17","Standard"
456,"“Family Feud” 5/14/15","Standard"
457,"“Family Feud” 11/21/12","Standard"
458,"“Family Feud” 9/17/14","Standard"
459,"“Family Feud” 11/11/14","Standard"
460,"“Family Feud” 11/12/14","Standard"
461,"“Family Feud” 11/13/14","Standard"
462,"“Family Feud” 11/14/14","Standard"
463,"“Family Feud”- 16TH S.F. DAY","Standard"
464,"“Family Feud” 4/27/15","Standard"
465,"“Family Feud” 4/28/15","Standard"
466,"“Family Feud” 4/29/15","Standard"
467,"“Family Feud” 11/7/13","Standard"
468,"“Family Feud” 2/13/14","Standard"
469,"“Family Feud” 2/14/14","Standard"
470,"“Family Feud” 2/17/14","Standard"
471,"“Family Feud” 2/18/14","Standard"
472,"“Family Feud” 1/29/14","Standard"
473,"“Family Feud” 1/30/14","Standard"
474,"“Family Feud” 2/3/14","Standard"
475,"“Family Feud” 2/4/14","Standard"
476,"“Family Feud” 11/4/13","Standard"
477,"“Family Feud” 11/5/13","Standard"
478,"“Family Feud” 11/6/13","Standard"
479,"“Family Feud” 2/5/14","Standard"
480,"“Family Feud” 2/6/14","Standard"
481,"“Family Feud” 5/22/17","Standard"
482,"“Family Feud” 2/10/14","Standard"
483,"“Family Feud” 2/11/14","Standard"
484,"“Family Feud” 11/17/14","Standard"
485,"“Family Feud” 2/12/14","Standard"
486,"“Family Feud” 9/24/14","Standard"
487,"“Family Feud” 2/19/14","Standard"
488,"“Family Feud” 5/23/17","Standard"
489,"“Family Feud” 9/29/14","Standard"
490,"“Family Feud” 11/18/14","Standard"
491,"“Family Feud”- 18TH S.F. DAY","Standard"
492,"“Family Feud”- LOST S18 EP.","Standard"
493,"“Family Feud” 9/30/14","Standard"
494,"“Family Feud” 10/1/14","Standard"
495,"“Family Feud” 11/19/14","Standard"
496,"“Family Feud” 4/28/14","Standard"
497,"“Family Feud” 11/8/13","Standard"
498,"“Family Feud” 11/11/13","Standard"
499,"“Family Feud” 11/12/13","Standard"
500,"“Family Feud” 4/29/14","Standard"
501,"“Family Feud” 4/30/14","Standard"
502,"“Family Feud” 5/1/14","Standard"
503,"“Family Feud” 9/18/14","Standard"
504,"“Family Feud” 11/20/14","Standard"
505,"“Family Feud” 11/21/14","Standard"
506,"“Family Feud” 11/24/14","Standard"
507,"“Family Feud” 5/2/14","Standard"
508,"“Family Feud” 5/5/14","Standard"
509,"“Family Feud” 11/25/14","Standard"
510,"“Family Feud” 10/6/14","Standard"
511,"“Family Feud” 5/12/15","Standard"
512,"“Family Feud” 10/7/14","Standard"
513,"“Family Feud” 10/8/14","Standard"
514,"“Family Feud” 10/9/14","Standard"
515,"“Family Feud” 1/28/15","Standard"
516,"“Family Feud” 1/29/15","Standard"
517,"“Family Feud” 2/20/14","Standard"
518,"“Family Feud” 2/21/14","Standard"
519,"“Family Feud” 4/21/14","Standard"
520,"“Family Feud” 4/22/14","Standard"
521,"“Family Feud” 4/23/14","Standard"
522,"“Family Feud” 4/24/14","Standard"
523,"“Family Feud” 11/13/13","Standard"
524,"“Family Feud” 11/14/13","Standard"
525,"“Family Feud” 2/26/14","Standard"
526,"“Family Feud” 1/30/15","Standard"
527,"“Family Feud” 2/2/15","Standard"
528,"“Family Feud” 4/25/14","Standard"
529,"“Family Feud” 2/3/15","Standard"
530,"“Family Feud” 2/4/15","Standard"
531,"“Family Feud” 11/26/14","Standard"
532,"“Family Feud” 1/26/15","Standard"
533,"“Family Feud” 10/13/14","Standard"
534,"“Family Feud” 10/14/14","Standard"
535,"“Family Feud” 1/31/14","Standard"
536,"“Family Feud” 10/15/14","Standard"
537,"“Family Feud” 10/16/14","Standard"
538,"“Family Feud” 2/5/15","Standard"
539,"“Family Feud” 2/6/15","Standard"
540,"“Family Feud” 1/27/15","Standard"
541,"“Family Feud” 2/9/15","Standard"
542,"“Family Feud” 2/10/15","Standard"
543,"“Family Feud” 11/26/13","Standard"
544,"“Family Feud” 11/27/13","Standard"
545,"“Family Feud” 2/11/15","Standard"
546,"“Family Feud” 2/12/15","Standard"
547,"“Family Feud” 2/13/15","Standard"
548,"“Family Feud” 10/20/14","Standard"
549,"“Family Feud” 10/21/14","Standard"
550,"“Family Feud” 10/22/14","Standard"
551,"“Family Feud” 10/23/14","Standard"
552,"“Family Feud” 5/6/11","Standard"
553,"“Family Feud” 4/26/11","Standard"
554,"“Family Feud” 11/15/13","Standard"
555,"“Family Feud” 11/18/13","Standard"
556,"“Family Feud” 11/19/13","Standard"
557,"“Family Feud”- 15TH S.F. DAY","Standard"
558,"“Family Feud” 11/20/13","Standard"
559,"“Family Feud” 11/21/13","Standard"
560,"“Family Feud” 11/22/13","Standard"
561,"“Family Feud” 11/22/10","Standard"
562,"“Family Feud” 2/18/15","Standard"
563,"“Family Feud” 10/29/14","Standard"
564,"“Family Feud” 2/7/14","Standard"
565,"“Family Feud” 9/25/14","Standard"
566,"“Family Feud” 10/2/14","Standard"
567,"“Family Feud” 2/24/15","Standard"
568,"“Family Feud” 11/2/10","Standard"
569,"“Family Feud” 11/23/10","Standard"
570,"“Family Feud” 11/24/10","Standard"
571,"“Family Feud” 9/22/14","Standard"
572,"“Family Feud” 2/16/15","Standard"
573,"“Family Feud” 2/17/15","Standard"
574,"“Family Feud” 11/25/10","Standard"
575,"“Celebrity Family Feud”- 3RD S.P.","Celebrity"
576,"“Family Feud” 11/26/10","Standard"
577,"“Family Feud” 2/23/15","Standard"
578,"“Family Feud” 1/10/13","Standard"
579,"“Family Feud” 1/11/13","Standard"
580,"“Family Feud” 11/3/10","Standard"
581,"“Family Feud” 11/4/10","Standard"
582,"“Family Feud” 11/5/10","Standard"
583,"“Family Feud” 4/30/15","Standard"
584,"“Family Feud” 2/25/15","Standard"
585,"“Family Feud” 5/5/15","Standard"
586,"“Family Feud” 1/27/14","Standard"
587,"“Celebrity Family Feud” 6/18","Celebrity"
588,"“Family Feud” 11/24/15","Standard"
589,"“Family Feud” 11/25/15","Standard"
590,"“Family Feud” 2/20/15","Standard"
591,"“Family Feud” 5/15/15","Standard"
592,"“Family Feud” 9/19/14","Standard"
593,"“Family Feud” 9/23/14","Standard"
594,"“Family Feud” 5/9/11","Standard"
595,"“Family Feud” 5/10/11","Standard"
596,"“Family Feud” 5/11/11","Standard"
597,"“Family Feud” 5/12/11","Standard"
598,"“Family Feud” 5/13/11","Standard"
599,"“Celebrity Family Feud” 6/25","Celebrity"
600,"“Family Feud” 5/6/14","Standard"
601,"“Family Feud” 5/7/14","Standard"
602,"“Family Feud” 10/27/14","Standard"
603,"“Family Feud” 10/28/14","Standard"
604,"“Family Feud” 5/20/14","Standard"
605,"“Family Feud” 2/19/15","Standard"
606,"“Family Feud” 12/31/12","Standard"
607,"“Family Feud” 1/1/13","Standard"
608,"“Family Feud” 1/2/13","Standard"
609,"“Family Feud” 1/3/13","Standard"
610,"“Family Feud” 1/4/13","Standard"
611,"“Family Feud” 1/7/13","Standard"
612,"“Family Feud” 1/8/13","Standard"
613,"“Celebrity Family Feud” 7/9","Celebrity"
614,"“Family Feud” 1/28/14","Standard"
615,"“Family Feud” 5/5/11","Standard"
616,"“Celebrity Family Feud” 7/16","Celebrity"
617,"“Celebrity Family Feud” 7/23","Celebrity"
618,"“Celebrity Family Feud”- PREMIERE OF CURRENT VERSION","Celebrity"
619,"“Celebrity Family Feud” 8/6","Celebrity"
620,"“Celebrity Family Feud” 8/27","Celebrity"
621,"“Family Feud” 9/21/15","Standard"
622,"“Family Feud”- 19TH S.P.","Standard"
623,"“Family Feud” 9/22/15","Standard"
624,"“Family Feud” 9/12/17","Standard"
625,"“Family Feud” 9/23/15","Standard"
626,"“Family Feud” 9/13/17","Standard"
627,"“Family Feud” 9/24/15","Standard"
628,"“Family Feud” 9/14/17","Standard"
629,"“Family Feud” 9/25/15","Standard"
630,"“Family Feud” 9/15/17","Standard"
631,"“Family Feud” 9/28/15","Standard"
632,"“Family Feud” 9/18/17","Standard"
633,"“Family Feud” 9/29/15","Standard"
634,"“Family Feud” 9/19/17","Standard"
635,"“Family Feud” 9/30/15","Standard"
636,"“Family Feud” 9/20/17","Standard"
637,"“Family Feud” 10/1/15","Standard"
638,"“Family Feud” 9/21/17","Standard"
639,"“Family Feud” 10/5/15","Standard"
640,"“Family Feud” 9/22/17","Standard"
641,"“Celebrity Family Feud” 9/24","Celebrity"
642,"“Family Feud” 10/6/15","Standard"
643,"“Family Feud” 9/25/17","Standard"
644,"“Family Feud” 10/7/15","Standard"
645,"“Family Feud” 9/26/17","Standard"
646,"“Celebrity Family Feud”- 3RD S.F.","Celebrity"
647,"“Family Feud” 10/8/15","Standard"
648,"“Family Feud” 9/27/17","Standard"
649,"“Family Feud” 10/12/15","Standard"
650,"“Family Feud” 9/28/17","Standard"
651,"“Family Feud” 10/13/15","Standard"
652,"“Family Feud” 10/14/15","Standard"
653,"“Family Feud” 10/2/17","Standard"
654,"“Family Feud”- 17TH S.P. DAY","Standard"
655,"“Family Feud” 9/15/15","Standard"
656,"“Family Feud” 10/15/15","Standard"
657,"“Family Feud” 10/3/17","Standard"
658,"“Family Feud” 9/16/15","Standard"
659,"“Family Feud” 9/17/15","Standard"
660,"“Family Feud” 10/19/15","Standard"
661,"“Family Feud” 10/4/17","Standard"
662,"“Family Feud” 9/18/15","Standard"
663,"“Family Feud” 10/20/15","Standard"
664,"“Family Feud” 10/5/17","Standard"
665,"“Family Feud” 10/21/15","Standard"
666,"“Family Feud” 10/22/15","Standard"
667,"“Family Feud” 10/9/17","Standard"
668,"“Family Feud” 10/26/15","Standard"
669,"“Family Feud” 10/10/17","Standard"
670,"“Family Feud” 10/27/15","Standard"
671,"“Family Feud” 10/11/17","Standard"
672,"“Family Feud” 10/28/15","Standard"
673,"“Family Feud” 10/12/17","Standard"
674,"“Family Feud” 10/29/15","Standard"
675,"“Family Feud” 10/30/15","Standard"
676,"“Family Feud” 10/16/17","Standard"
677,"“Family Feud” 11/2/15","Standard"
678,"“Family Feud” 10/17/17","Standard"
679,"“Family Feud” 11/3/15","Standard"
680,"“Family Feud” 10/18/17","Standard"
681,"“Family Feud” 11/4/15","Standard"
682,"“Family Feud” 10/19/17","Standard"
683,"“Family Feud” 11/5/15","Standard"
684,"“Family Feud” 11/6/15","Standard"
685,"“Family Feud” 10/23/17","Standard"
686,"“Family Feud” 10/24/17- CAR GAME DOUBLEHEADER","Standard"
687,"“Family Feud” 10/25/17","Standard"
688,"“Family Feud” 10/26/17","Standard"
689,"“Family Feud” 11/9/15","Standard"
690,"“Family Feud” 11/10/15","Standard"
691,"“Family Feud” 10/27/17","Standard"
692,"“Family Feud” 11/11/15","Standard"
693,"“Family Feud” 11/12/15","Standard"
694,"“Family Feud” 10/30/17","Standard"
695,"“Family Feud” 11/13/15","Standard"
696,"“Family Feud” 11/16/15","Standard"
697,"“Family Feud” 10/31/17","Standard"
698,"“Family Feud” 11/17/15","Standard"
699,"“Family Feud” 11/18/15","Standard"
700,"“Family Feud” 11/1/17","Standard"
701,"“Family Feud” 11/19/15","Standard"
702,"“Family Feud” 11/20/15","Standard"
703,"“Family Feud” 11/2/17","Standard"
704,"“Family Feud” 11/23/15","Standard"
705,"“Family Feud” 11/3/17","Standard"
706,"“Family Feud” 11/6/17","Standard"
707,"“Family Feud” 11/7/17","Standard"
708,"“Family Feud” 11/8/17","Standard"
709,"“Family Feud” 11/9/17","Standard"
710,"“Family Feud” 11/10/17","Standard"
711,"“Family Feud” 11/13/17","Standard"
712,"“Family Feud” 11/14/17","Standard"
713,"“Family Feud” 11/15/17","Standard"
714,"“Family Feud” 11/16/17","Standard"
715,"“Family Feud” 11/17/17","Standard"
716,"“Family Feud” 11/20/17","Standard"
717,"“Family Feud” 11/21/17","Standard"
718,"“Family Feud” 11/22/17","Standard"
719,"“Family Feud” 1/22/18","Standard"
720,"“Family Feud” 1/23/18","Standard"
721,"“Family Feud” 1/24/18","Standard"
722,"“Family Feud” 1/25/18","Standard"
723,"“Family Feud” 1/29/18","Standard"
724,"“Family Feud” 1/30/18","Standard"
725,"“Family Feud” 1/31/18","Standard"
726,"“Family Feud” 2/1/18","Standard"
727,"“Family Feud” 2/2/18","Standard"
728,"“Family Feud” 2/5/18","Standard"
729,"“Family Feud” 2/6/18","Standard"
730,"“Family Feud” 2/7/18","Standard"
731,"“Family Feud” 2/8/18","Standard"
732,"“Family Feud” 2/9/18","Standard"
733,"“Family Feud” 2/12/18","Standard"
734,"“Family Feud” 2/13/18","Standard"
735,"“Family Feud” 2/14/18","Standard"
736,"“Family Feud” 2/15/18","Standard"
737,"“Family Feud” 2/16/18","Standard"
738,"“Family Feud” 2/19/18","Standard"
739,"“Family Feud” 2/20/18","Standard"
740,"“Family Feud” 2/21/18","Standard"
741,"“Family Feud” 2/22/18","Standard"
742,"“Family Feud” 2/23/18","Standard"
743,"“Family Feud” 2/26/18","Standard"
744,"“Family Feud” 2/27/18","Standard"
745,"“Family Feud”- WINTER ’18 FINALE","Standard"
746,"“Family Feud”- SPRING ’18 PREMIERE","Standard"
747,"“Family Feud” 4/17/18","Standard"
748,"“Family Feud” 4/18/18","Standard"
749,"“Family Feud” 4/19/18","Standard"
750,"“Family Feud” 4/23/18","Standard"
751,"“Family Feud” 4/24/18","Standard"
752,"“Family Feud” 4/25/18","Standard"
753,"“Family Feud” 4/26/18","Standard"
754,"“Family Feud” 4/27/18","Standard"
755,"“Family Feud” 4/30/18","Standard"
756,"“Family Feud” 5/1/18","Standard"
757,"“Family Feud” 5/2/18","Standard"
758,"“Family Feud” 5/3/18","Standard"
759,"“Family Feud” 5/4/18","Standard"
760,"“Family Feud” 5/7/18","Standard"
761,"“Family Feud” 5/8/18","Standard"
762,"“Family Feud” 5/9/18","Standard"
763,"“Family Feud” 5/10/18","Standard"
764,"“Family Feud” 5/11/18","Standard"
765,"“Family Feud” 5/14/18","Standard"
766,"“Family Feud” 5/15/18","Standard"
767,"“Family Feud” 5/16/18","Standard"
768,"“Family Feud” 5/17/18","Standard"
769,"“Family Feud” 5/18/18","Standard"
770,"“Family Feud” 5/21/18","Standard"
771,"“Family Feud” 5/22/18","Standard"
772,"“Family Feud”- 19TH S.F.","Standard"
773,"“Celebrity Family Feud”- 4TH S.P.","Celebrity"
774,"“Celebrity Family Feud” 6/17/18","Celebrity"
775,"“Celebrity Family Feud” 6/24/18","Celebrity"
776,"“Celebrity Family Feud” 7/8","Celebrity"
777,"“Celebrity Family Feud” 7/15/18","Celebrity"
778,"“Celebrity Family Feud” 7/22","Celebrity"
779,"“Celebrity Family Feud” 8/5","Celebrity"
780,"“Celebrity Family Feud” 8/12","Celebrity"
781,"“Celebrity Family Feud” 8/26","Celebrity"
782,"“Family Feud”- 20TH S.P.","Standard"
783,"“Family Feud” 9/11/18","Standard"
784,"“Family Feud” 9/12/18","Standard"
785,"“Family Feud” 9/13/18","Standard"
786,"“Family Feud” 9/14/18","Standard"
787,"“Celebrity Family Feud” 9/16","Celebrity"
788,"“Family Feud” 9/17/18","Standard"
789,"“Family Feud” 9/18/18","Standard"
790,"“Family Feud” 9/19/18","Standard"
791,"“Family Feud” 9/20/18","Standard"
792,"“Family Feud” 9/21/18","Standard"
793,"“Celebrity Family Feud”- 4TH S.F.","Celebrity"
794,"“Family Feud” 9/24/18","Standard"
795,"“Family Feud” 9/25/18","Standard"
796,"“Family Feud” 9/26/18","Standard"
797,"“Family Feud” 9/27/18","Standard"
798,"“Family Feud” 10/1/18","Standard"
799,"“Family Feud” 10/2/18","Standard"
800,"“Family Feud” 10/3/18","Standard"
801,"“Family Feud” 10/4/18","Standard"
802,"“Family Feud” 10/8/18","Standard"
803,"“Family Feud” 10/9/18","Standard"
804,"“Family Feud” 10/10/18","Standard"
805,"“Family Feud” 10/11/18","Standard"
806,"“Family Feud” 10/15/18","Standard"
807,"“Family Feud” 10/16/18","Standard"
808,"“Family Feud” 10/17/18","Standard"
809,"“Family Feud” 10/18/18","Standard"
810,"“Family Feud” 10/22/18","Standard"
811,"“Family Feud” 10/23/18","Standard"
812,"“Family Feud” 10/24/18","Standard"
813,"“Family Feud” 10/25/18","Standard"
814,"“Family Feud” 10/26/18","Standard"
815,"“Family Feud” 10/29/18","Standard"
816,"“Family Feud” 10/30/18","Standard"
817,"“Family Feud” 10/31/18","Standard"
818,"“Family Feud” 11/1/18","Standard"
819,"“Family Feud” 11/2/18","Standard"
820,"“Family Feud” 11/5/18","Standard"
821,"“Family Feud” 11/6/18","Standard"
822,"“Family Feud” 11/7/18","Standard"
823,"“Family Feud” 11/8/18","Standard"
824,"“Family Feud” 11/9/18","Standard"
825,"“Family Feud” 11/12/18","Standard"
826,"“Family Feud” 11/13/18","Standard"
827,"“Family Feud” 11/14/18","Standard"
828,"“Family Feud” 11/15/18","Standard"
829,"“Family Feud” 11/16/18","Standard"
830,"“Family Feud” 11/19/18","Standard"
831,"“Family Feud” 11/20/18","Standard"
832,"“Family Feud”- FALL ’18 FINALE","Standard"
833,"“Family Feud” 1/21/19","Standard"
834,"“Family Feud” 1/22/19","Standard"
835,"“Family Feud” 1/23/19","Standard"
836,"“Family Feud” 1/24/19","Standard"
837,"“Family Feud” 1/28/19","Standard"
838,"“Family Feud” 1/29/19","Standard"
839,"“Family Feud” 1/30/19","Standard"
840,"“Family Feud” 1/31/19","Standard"
841,"“Family Feud” 2/1/19","Standard"
842,"“Family Feud” 2/4/19","Standard"
843,"“Family Feud” 2/5/19","Standard"
844,"“Family Feud” 2/6/19","Standard"
845,"“Family Feud” 2/7/19","Standard"
846,"“Family Feud” 2/8/19","Standard"
847,"“Family Feud” 2/11/19","Standard"
848,"“Family Feud” 2/12/19","Standard"
849,"“Family Feud” 2/13/19","Standard"
850,"“Family Feud” 2/14/19","Standard"
851,"“Family Feud” 2/15/19","Standard"
852,"“Family Feud” 2/18/19","Standard"
853,"“Family Feud” 2/19/19","Standard"
854,"“Family Feud” 2/20/19","Standard"
855,"“Family Feud” 2/21/19","Standard"
856,"“Family Feud” 2/22/19","Standard"
857,"“Family Feud” 2/25/19","Standard"
858,"“Family Feud” 2/26/19","Standard"
859,"“Family Feud” 2/27/19","Standard"
860,"“Family Feud” 4/15/19","Standard"
861,"“Family Feud” 4/16/19","Standard"
862,"“Family Feud” 4/17/19","Standard"
863,"“Family Feud” 4/18/19","Standard"
864,"“Family Feud” 4/22/19","Standard"
865,"“Family Feud” 4/23/19","Standard"
866,"“Family Feud” 4/24/19","Standard"
867,"“Family Feud” 4/25/19","Standard"
868,"“Family Feud” 4/26/19","Standard"
869,"“Family Feud” 4/29/19","Standard"
870,"“Family Feud” 4/30/19","Standard"
871,"“Family Feud” 5/1/19","Standard"
872,"“Family Feud” 5/2/19","Standard"
873,"“Family Feud” 5/3/19","Standard"
874,"“Family Feud” 5/6/19","Standard"
875,"“Family Feud” 5/7/19","Standard"
876,"“Family Feud” 5/8/19","Standard"
877,"“Family Feud” 5/9/19","Standard"
878,"“Family Feud” 5/10/19","Standard"
879,"“Family Feud” 5/13/19","Standard"
880,"“Family Feud” 5/14/19","Standard"
881,"“Family Feud” 5/15/19","Standard"
882,"“Family Feud” 5/16/19","Standard"
883,"“Family Feud” 5/17/19","Standard"
884,"“Family Feud” 5/20/19","Standard"
885,"“Family Feud” 5/21/19","Standard"
886,"“Family Feud”- 20TH S.F.","Standard"
887,"“Celebrity Family Feud”- 5TH S.P.","Celebrity"
888,"“Celebrity Family Feud” 6/30","Celebrity"
889,"“Celebrity Family Feud” 7/7","Celebrity"
890,"“Celebrity Family Feud” 7/14","Celebrity"
891,"“Celebrity Family Feud” 7/21","Celebrity"
892,"“Celebrity Family Feud” 7/28","Celebrity"
893,"“Celebrity Family Feud” 8/18","Celebrity"
894,"“Celebrity Family Feud” 8/25","Celebrity"
895,"“Celebrity Family Feud” 9/15","Celebrity"
896,"“Family Feud”- 21ST S.P.","Standard"
897,"“Family Feud” 9/17/19","Standard"
898,"“Family Feud” 9/18/19","Standard"
899,"“Family Feud” 9/19/19","Standard"
900,"“Family Feud” 9/20/19","Standard"
901,"“Celebrity Family Feud” 9/22","Celebrity"
902,"“Family Feud” 9/23/19","Standard"
903,"“Family Feud” 9/24/19","Standard"
904,"“Family Feud” 9/25/19","Standard"
905,"“Family Feud” 9/26/19","Standard"
906,"“Family Feud” 9/27/19","Standard"
907,"“Celebrity Family Feud”- 5TH S.F.","Celebrity"
908,"“Family Feud” 9/30/19","Standard"
909,"“Family Feud” 10/1/19","Standard"
910,"“Family Feud” 10/2/19","Standard"
911,"“Family Feud” 10/3/19","Standard"
912,"“Family Feud” 10/7/19","Standard"
913,"“Family Feud” 10/8/19","Standard"
914,"“Family Feud” 10/9/19","Standard"
915,"“Family Feud” 10/10/19","Standard"
916,"“Family Feud” 10/14/19","Standard"
917,"“Family Feud” 10/15/19","Standard"
918,"“Family Feud” 10/16/19","Standard"
919,"“Family Feud” 10/17/19","Standard"
920,"“Family Feud” 10/21/19","Standard"
921,"“Family Feud” 10/22/19","Standard"
922,"“Family Feud” 10/23/19","Standard"
923,"“Family Feud” 10/24/19","Standard"
924,"“Family Feud” 10/28/19","Standard"
925,"“Family Feud” 10/29/19","Standard"
926,"“Family Feud” 10/30/19","Standard"
927,"“Family Feud” 10/31/19","Standard"
928,"“Family Feud” 11/1/19","Standard"
929,"“Family Feud” 11/4/19","Standard"
930,"“Family Feud” 11/5/19","Standard"
931,"“Family Feud” 11/6/19","Standard"
932,"“Family Feud” 11/7/19","Standard"
933,"“Family Feud” 11/8/19","Standard"
934,"“Family Feud” 11/11/19","Standard"
935,"“Family Feud” 11/12/19","Standard"
936,"“Family Feud” 11/13/19","Standard"
937,"“Family Feud” 11/14/19","Standard"
938,"“Family Feud” 11/15/19","Standard"
939,"“Family Feud” 11/18/19","Standard"
940,"“Family Feud” 11/19/19","Standard"
941,"“Family Feud” 11/20/19","Standard"
942,"“Family Feud” 11/21/19","Standard"
943,"“Family Feud” 11/22/19","Standard"
944,"“Family Feud” 11/25/19","Standard"
945,"“Family Feud” 11/26/19","Standard"
946,"“Family Feud”- FALL ’19 FINALE","Standard"
947,"“Family Feud” 1/20/20","Standard"
948,"“Family Feud” 1/21/20","Standard"
949,"“Family Feud” 1/22/20","Standard"
950,"“Family Feud” 1/23/20","Standard"
951,"“Family Feud” 1/27/20","Standard"
952,"“Family Feud” 1/28/20","Standard"
953,"“Family Feud” 1/29/20","Standard"
954,"“Family Feud” 1/30/20","Standard"
955,"“Family Feud” 1/31/20","Standard"
956,"“Family Feud” 2/3/20","Standard"
957,"“Family Feud” 2/4/20","Standard"
958,"“Family Feud” 2/5/20","Standard"
959,"“Family Feud” 2/6/20","Standard"
960,"“Family Feud” 2/7/20","Standard"
961,"“Family Feud” 2/10/20","Standard"
962,"“Family Feud” 2/11/20","Standard"
963,"“Family Feud” 2/12/20","Standard"
964,"“Family Feud” 2/13/20","Standard"
965,"“Family Feud” 2/14/20","Standard"
966,"“Family Feud” 2/18/20","Standard"
967,"“Family Feud” 2/19/20","Standard"
968,"“Family Feud” 2/20/20","Standard"
969,"“Family Feud” 2/21/20","Standard"
970,"“Family Feud” 2/24/20","Standard"
971,"“Family Feud” 2/25/20","Standard"
972,"“Family Feud” 2/26/20","Standard"
973,"“Family Feud” 4/13/20","Standard"
974,"“Family Feud” 4/14/20","Standard"
975,"“Family Feud” 4/15/20","Standard"
976,"“Family Feud” 4/21/20","Standard"
977,"“Family Feud” 4/23/20","Standard"
978,"“Family Feud” 4/24/20","Standard"
979,"“Family Feud” 4/27/20","Standard"
980,"“Family Feud” 4/28/20","Standard"
981,"“Family Feud” 4/20/20","Standard"
982,"“Family Feud” 5/4/20","Standard"
983,"“Family Feud” 5/5/20","Standard"
984,"“Family Feud” 2/17/20","Standard"
985,"“Family Feud” 5/11/20","Standard"
986,"“Family Feud” 5/12/20","Standard"
987,"“Family Feud” 5/18/20","Standard"
988,"“Family Feud” 5/19/20","Standard"
989,"“Family Feud”- 21ST S.F.","Standard"
990,"“Celebrity Family Feud”- 7TH S.P.","Celebrity"
991,"“Celebrity Family Feud” 6/7/20","Celebrity"
992,"“Celebrity Family Feud” 6/14/20","Celebrity"
993,"“Celebrity Family Feud” 6/28/20","Celebrity"
994,"“Celebrity Family Feud” 7/12/20","Celebrity"
995,"“Celebrity Family Feud” 9/20/20","Celebrity"
996,"“Celebrity Family Feud” 7/19/20","Celebrity"
997,"“Celebrity Family Feud” 10/1","Celebrity"
998,"“Family Feud”- 22ND S.P.","Standard"
999,"“Family Feud” 10/6/20","Standard"
1000,"“Family Feud” 10/7/20","Standard"
1001,"“Family Feud” 10/8/20","Standard"
1002,"“Celebrity Family Feud” 10/8","Celebrity"
1003,"“Family Feud” 10/12/20","Standard"
1004,"“Family Feud” 10/13/20","Standard"
1005,"“Celebrity Family Feud” 10/13","Celebrity"
1006,"“Family Feud” 10/14/20","Standard"
1007,"“Family Feud” 10/15/20","Standard"
1008,"“Family Feud” 10/20/20","Standard"
1009,"“Family Feud” 10/21/20","Standard"
1010,"“Family Feud” 10/22/20","Standard"
1011,"“Family Feud” 10/23/20","Standard"
1012,"“Family Feud” 10/26/20","Standard"
1013,"“Family Feud” 10/27/20","Standard"
1014,"“Family Feud” 10/28/20","Standard"
1015,"“Family Feud” 10/29/20","Standard"
1016,"“Celebrity Family Feud”- 6TH S.F.","Celebrity"
1017,"“Family Feud” 10/30/20","Standard"
1018,"“Family Feud” 11/2/20","Standard"
1019,"“Family Feud” 11/3/20","Standard"
1020,"“Family Feud” 11/4/20","Standard"
1021,"“Family Feud” 11/5/20","Standard"
1022,"“Family Feud” 11/6/20","Standard"
1023,"“Family Feud” 11/9/20","Standard"
1024,"“Family Feud” 11/10/20","Standard"
1025,"“Family Feud” 11/11/20","Standard"
1026,"“Family Feud” 11/12/20","Standard"
1027,"“Family Feud” 11/13/20","Standard"
1028,"“Family Feud” 11/16/20","Standard"
1029,"“Family Feud” 11/17/20","Standard"
1030,"“Family Feud” 11/18/20","Standard"
1031,"“Family Feud” 11/19/20","Standard"
1032,"“Family Feud” 11/20/20","Standard"
1033,"“Family Feud” 11/23/20","Standard"
1034,"“Family Feud” 11/24/20","Standard"
1035,"“Family Feud”- FALL ’20 FINALE","Standard"
1036,"“Family Feud” 10/19/20","Standard"
1037,"“Family Feud” 1/25/21","Standard"
1038,"“Family Feud” 1/26/21","Standard"
1039,"“Family Feud” 1/27/21","Standard"
1040,"“Family Feud” 1/28/21","Standard"
1041,"“Family Feud” 1/29/21","Standard"
1042,"“Family Feud” 2/1/21","Standard"
1043,"“Family Feud” 2/2/21","Standard"
1044,"“Family Feud” 2/3/21","Standard"
1045,"“Family Feud” 2/4/21","Standard"
1046,"“Family Feud” 2/5/21","Standard"
1047,"“Family Feud” 2/8/21","Standard"
1048,"“Family Feud” 2/9/21","Standard"
1049,"“Family Feud” 2/10/21","Standard"
1050,"“Family Feud” 2/11/21","Standard"
1051,"“Family Feud” 2/12/21","Standard"
1052,"“Family Feud” 2/15/21","Standard"
1053,"“Family Feud” 2/16/21","Standard"
1054,"“Family Feud” 2/17/21","Standard"
1055,"“Family Feud” 2/18/21","Standard"
1056,"“Family Feud” 2/19/21","Standard"
1057,"“Family Feud” 2/22/21","Standard"
1058,"“Family Feud” 2/23/21","Standard"
1059,"“Family Feud” 2/24/21","Standard"
1060,"“Family Feud” 2/25/21","Standard"
1061,"“Family Feud” 3/1","Standard"
1062,"“Family Feud” 3/2","Standard"
1063,"“Family Feud” 3/3","Standard"
1064,"“Family Feud” 4/19/21","Standard"
1065,"“Family Feud” 4/20/21","Standard"
1066,"“Family Feud” 4/21/21","Standard"
1067,"“Family Feud” 4/22/21","Standard"
1068,"“Family Feud” 4/23/21","Standard"
1069,"“Family Feud” 4/26/21","Standard"
1070,"“Family Feud” 4/27/21","Standard"
1071,"“Family Feud” 4/28/21","Standard"
1072,"“Family Feud” 4/29/21","Standard"
1073,"“Family Feud” 4/30/21","Standard"
1074,"“Family Feud” 5/3/21","Standard"
1075,"“Family Feud” 5/4/21","Standard"
1076,"“Family Feud” 5/5/21","Standard"
1077,"“Family Feud” 5/6/21","Standard"
1078,"“Family Feud” 4/16/20","Standard"
1079,"“Family Feud” 5/7/21","Standard"
1080,"“Family Feud” 5/10/21- CAR GAME DOUBLEHEADER","Standard"
1081,"“Family Feud” 5/11/21","Standard"
1082,"“Family Feud” 4/22/20","Standard"
1083,"“Family Feud” 5/12/21","Standard"
1084,"“Family Feud” 5/13/21","Standard"
1085,"“Family Feud” 5/14/21","Standard"
1086,"“Family Feud” 5/17/21","Standard"
1087,"“Family Feud” 5/18/21","Standard"
1088,"“Family Feud” 5/19/21","Standard"
1089,"“Family Feud” 5/20/21","Standard"
1090,"“Family Feud” 5/21/21","Standard"
1091,"“Family Feud” 5/24/21","Standard"
1092,"“Family Feud” 5/25/21","Standard"
1093,"“Family Feud”- 22ND S.F.","Standard"
1094,"“Celebrity Family Feud” 6/28/15","Celebrity"
1095,"“Celebrity Family Feud”- 7TH S.P.","Celebrity"
1096,"“Celebrity Family Feud” 6/13/21","Celebrity"
1097,"“Celebrity Family Feud” 6/20/21","Celebrity"
1098,"“Celebrity Family Feud” 7/5/15","Celebrity"
1099,"“Celebrity Family Feud” 6/27/21","Celebrity"
1100,"“Celebrity Family Feud” 7/12/15","Celebrity"
1101,"“Celebrity Family Feud” 7/19/15","Celebrity"
1102,"“Celebrity Family Feud”- ’15 S.F.","Celebrity"
1103,"“Celebrity Family Feud” 7/18/21","Celebrity"
1104,"“Celebrity Family Feud” 7/25/21","Celebrity"
1105,"“Celebrity Family Feud” 8/15/21","Celebrity"
1106,"“Family Feud”- WALMART/DISNEY SPECIAL","Standard"
1107,"“Celebrity Family Feud” 8/22/21","Celebrity"
1108,"“Celebrity Family Feud” 8/29","Celebrity"
1109,"“Celebrity Family Feud” 9/12","Celebrity"
1110,"“Celebrity Family Feud”- 7TH S.F.","Celebrity"
1111,"“Family Feud”- 23RD S.P.","Standard"
1112,"“Family Feud” 9/28/21","Standard"
1113,"“Family Feud” 9/29/21","Standard"
1114,"“Family Feud” 9/30/21","Standard"
1115,"“Family Feud” 10/1/21","Standard"
1116,"“Family Feud” 10/4/21","Standard"
1117,"“Family Feud” 10/5/21","Standard"
1118,"“Family Feud” 10/6/21","Standard"
1119,"“Family Feud” 10/7/21","Standard"
1120,"“Family Feud” 10/8/21","Standard"
1121,"“Family Feud” 10/11/21","Standard"
1122,"“Family Feud” 10/12/21","Standard"
1123,"“Family Feud” 10/13/21","Standard"
1124,"“Family Feud” 10/18/21","Standard"
1125,"“Family Feud” 10/19/21","Standard"
1126,"“Family Feud” 10/20/21","Standard"
1127,"“Family Feud” 10/21/21","Standard"
1128,"“Family Feud” 10/22/21","Standard"
1129,"“Family Feud” 10/25/21","Standard"
1130,"“Family Feud” 10/26/21","Standard"
1131,"“Family Feud” 10/27/21","Standard"
1132,"“Family Feud” 10/28/21","Standard"
1133,"“Family Feud” 10/29/21","Standard"
1134,"“Family Feud” 11/1/21","Standard"
1135,"“Family Feud” 11/2/21","Standard"
1136,"“Family Feud” 11/3/21","Standard"
1137,"“Family Feud” 11/4/21- CAR GAME DOUBLEHEADER","Standard"
1138,"“Family Feud” 11/5/21","Standard"
1139,"“Family Feud” 11/8/21","Standard"
1140,"“Family Feud” 11/9/21","Standard"
1141,"“Family Feud” 11/10/21","Standard"
1142,"“Family Feud” 11/11/21","Standard"
1143,"“Family Feud” 11/12/21","Standard"
1144,"“Family Feud” 11/15/21","Standard"
1145,"“Family Feud” 11/16/21","Standard"
1146,"“Family Feud” 11/17/21","Standard"
1147,"“Family Feud” 11/18/21","Standard"
1148,"“Family Feud” 11/19/21","Standard"
1149,"“Family Feud” 11/22/21","Standard"
1150,"“Family Feud” 11/23/21","Standard"
1151,"“Family Feud” 11/24/21","Standard"
1152,"“Family Feud” 11/29/21","Standard"
1153,"“Family Feud” 1/24/22","Standard"
1154,"“Family Feud” 1/25/22","Standard"
1155,"“Family Feud” 1/26/22","Standard"
1156,"“Family Feud” 1/27/22","Standard"
1157,"“Family Feud” 1/28/22","Standard"
1158,"“Family Feud” 1/31/22","Standard"
1159,"“Family Feud” 2/1/22","Standard"
1160,"“Family Feud” 2/2/22","Standard"
1161,"“Family Feud” 2/3/22","Standard"
1162,"“Family Feud” 2/4/22","Standard"
1163,"“Family Feud” 2/7/22","Standard"
1164,"“Family Feud” 2/8/22","Standard"
1165,"“Family Feud” 2/9/22","Standard"
1166,"“Family Feud” 2/10/22","Standard"
1167,"“Family Feud” 2/11/22","Standard"
1168,"“Family Feud” 2/14/22","Standard"
1169,"“Family Feud” 2/15/22","Standard"
1170,"“Family Feud” 2/16/22","Standard"
1171,"“Family Feud” 2/17/22","Standard"
1172,"“Family Feud” 2/18/22","Standard"
1173,"“Family Feud” 2/21/22","Standard"
1174,"“Family Feud” 2/22/22","Standard"
1175,"“Family Feud” 2/23/22","Standard"
1176,"“Family Feud” 2/24/22","Standard"
1177,"“Family Feud” 2/25/22","Standard"
1178,"“Family Feud” 2/28/22","Standard"
1179,"“Family Feud” 3/1/22","Standard"
1180,"“Family Feud” 3/2/22","Standard"
1181,"“Family Feud” 4/18/22","Standard"
1182,"“Family Feud” 4/19/22","Standard"
1183,"“Family Feud” 4/20/22","Standard"
1184,"“Family Feud” 4/21/22","Standard"
1185,"“Family Feud” 4/25/22","Standard"
1186,"“Family Feud” 4/26/22","Standard"
1187,"“Family Feud” 4/27/22","Standard"
1188,"“Family Feud” 4/28/22","Standard"
1189,"“Family Feud” 4/29/22- CAR GAME DOUBLEHEADER","Standard"
1190,"“Family Feud” 5/2/22","Standard"
1191,"“Family Feud” 5/3/22","Standard"
1192,"“Family Feud” 5/4/22","Standard"
1193,"“Family Feud” 5/5/22","Standard"
1194,"“Family Feud” 5/6/22","Standard"
1195,"“Family Feud” 5/9/22","Standard"
1196,"“Family Feud” 5/10/22","Standard"
1197,"“Family Feud” 5/11/22","Standard"
1198,"“Family Feud” 5/12/22","Standard"
1199,"“Family Feud” 5/13/22","Standard"
1200,"“Family Feud” 5/16/22","Standard"
1201,"“Family Feud” 5/17/22","Standard"
1202,"“Family Feud” 5/18/22","Standard"
1203,"“Family Feud” 5/19/22","Standard"
1204,"“Family Feud” 5/20/22","Standard"
1205,"“Family Feud” 5/23/22","Standard"
1206,"“Family Feud” 5/24/22","Standard"
1207,"“Family Feud”- 23RD REGULAR SEASON FINALE","Standard"
1208,"“Family Feud” 10/26/11 Nightcap","Standard"
1209,"“Celebrity Family Feud”- 8TH S.P.","Celebrity"
1210,"“Celebrity Family Feud” 7/17/22","Celebrity"
1211,"“Celebrity Family Feud” 7/24/22","Celebrity"
1212,"“Celebrity Family Feud” 7/31/22","Celebrity"
1213,"“Family Feud”- JO KOY SPECIAL","Standard"
1214,"“Celebrity Family Feud” 8/7/22","Celebrity"
1215,"“Celebrity Family Feud” 8/14/22","Celebrity"
1216,"“Celebrity Family Feud” 8/28/22","Celebrity"
1217,"“Celebrity Family Feud” 9/11/22","Celebrity"
1218,"“Celebrity Family Feud” 8/21/22","Celebrity"
1219,"“Celebrity Family Feud” 9/18","Celebrity"
1220,"“Celebrity Family Feud”- 8TH S.F.","Celebrity"
1221,"“Family Feud”- 24TH S.P.","Standard"
1222,"“Family Feud” 9/27/22","Standard"
1223,"“Family Feud” 9/28/22","Standard"
1224,"“Family Feud” 9/29/22","Standard"
1225,"“Family Feud” 9/30/22","Standard"
1226,"“Family Feud” 10/3/22","Standard"
1227,"“Family Feud” 10/4/22","Standard"
1228,"“Family Feud” 10/5/22","Standard"
1229,"“Family Feud” 10/6/22","Standard"
1230,"“Family Feud” 10/10/22","Standard"
1231,"“Family Feud” 10/11/22","Standard"
1232,"“Family Feud” 10/12/22","Standard"
1233,"“Family Feud” 10/13/22","Standard"
1234,"“Family Feud” 10/17/22","Standard"
1235,"“Family Feud” 10/18/22","Standard"
1236,"“Family Feud” 10/20/22","Standard"
1237,"“Family Feud” 10/21/22","Standard"
1238,"“Family Feud” 10/24/22","Standard"
1239,"“Family Feud” 10/25/22","Standard"
1240,"“Family Feud” 10/26/22","Standard"
1241,"“Family Feud” 10/27/22","Standard"
1242,"“Family Feud” 10/28/22","Standard"
1243,"“Family Feud” 10/31/22","Standard"
1244,"“Family Feud” 11/1/22","Standard"
1245,"“Family Feud” 11/2/22","Standard"
1246,"“Family Feud” 11/3/22","Standard"
1247,"“Family Feud” 11/4/22","Standard"
1248,"“Family Feud” 11/7/22","Standard"
1249,"“Family Feud” 11/8/22","Standard"
1250,"“Family Feud” 11/9/22","Standard"
1251,"“Family Feud” 11/10/22","Standard"
1252,"“Family Feud” 11/11/22","Standard"
1253,"“Family Feud” 11/14/22","Standard"
1254,"“Family Feud” 11/15/22","Standard"
1255,"“Family Feud” 11/16/22","Standard"
1256,"“Family Feud” 11/17/22","Standard"
1257,"“Family Feud” 11/18/22","Standard"
1258,"“Family Feud” 11/21/22","Standard"
1259,"“Family Feud” 11/22/22","Standard"
1260,"“Family Feud” 11/23/22","Standard"
1261,"“Family Feud” 10/19/22 Nightcap","Standard"
1262,"“Family Feud” 10/19/22","Standard"
1263,"“Family Feud” 1/23/23","Standard"
1264,"“Family Feud” 1/24/23","Standard"
1265,"“Family Feud” 1/25/23","Standard"
1266,"“Family Feud” 1/26/23","Standard"
1267,"“Family Feud” 1/27/23","Standard"
1268,"“Family Feud” 1/30/23","Standard"
1269,"“Family Feud” 1/31/23","Standard"
1270,"“Family Feud” 2/1/23","Standard"
1271,"“Family Feud” 2/2/23","Standard"
1272,"“Family Feud” 2/3/23","Standard"
